true_time,timestamp,uptime_ms,pressure_hPa,pressure_hPa_filtered,ds18b20_tempC,ds18b20_tempC_corrected,ds18b20_tempC_filtered,thermistor_mV,thermistor_tempC_calc,thermistor_tempC_filtered,lps33hw_tempC,avg_temp_filtered,temp_norm,pressure_norm,fermentation_activity_index
2026-07-13 16:48:23.735,2026-07-13 17:01:04,0,994.6751,994.6751,24.875,24.922250000000002,24.922250000000002,1103,23.189179,23.189179,20.52333,24.0557145,-0.05696789891159776,0.8875147011979477,0.415273401143175
2026-07-13 16:49:03.749,2026-07-13 17:01:04,40014,994.506,994.5060033302009,25.75,25.844500000000004,25.844418601461303,1178,23.436154,23.436150305713202,20.73667,24.640284453587253,1.2399536714474741,0.09602100529936161,0.6679873383734178
2026-07-13 16:49:43.763,2026-07-13 17:01:04,80028,994.4521,994.444623816015,25.91667,26.02017018,26.067082429851354,1208,23.534944,23.542224265894863,20.96,24.804653347873106,1.6046210019991733,-0.19127914433190565,0.7066709288336338
2026-07-13 16:50:23.777,2026-07-13 17:01:04,120042,994.4504,994.4356692030376,25.95833,26.064079820000003,26.112843642113315,1211,23.544822999999997,23.553572167913686,21.15333,24.833207905013502,1.6679718821807057,-0.23319315558496265,0.7173893632978715
2026-07-13 16:51:03.790,2026-07-13 17:01:04,160055,994.4628,994.4482056875999,25.97917,26.086045180000003,26.113269810211683,1216,23.561287999999998,23.56103288996553,21.31333,24.837151350088607,1.676720773477711,-0.17451341628830017,0.7511036785947054
2026-07-13 16:51:43.804,2026-07-13 17:01:04,200069,994.4387,994.4401035142278,25.97917,26.086045180000003,26.09714648399056,1221,23.577752999999998,23.576939148483536,21.42333,24.837042816237048,1.6764799812639857,-0.21243739879314105,0.7320212912354223
2026-07-13 16:52:23.818,2026-07-13 17:01:04,240083,994.4776,994.4658013104458,25.9375,26.042125000000002,26.052116500632096,1221,23.577752999999998,23.579166540664733,21.48,24.815641520648413,1.6289992619553617,-0.09215328125695993,0.7684229903492009
2026-07-13 16:53:03.832,2026-07-13 17:01:04,280097,994.5071,994.4997911115446,25.9375,26.042125000000002,26.036960553704795,1228,23.600803999999997,23.59896012585524,21.51667,24.817960339780015,1.634143772943451,0.06694336639709923,0.8505435696702751
2026-07-13 16:53:43.846,2026-07-13 17:01:04,320111,994.5261,994.5262064461149,25.89583,25.99820482,26.00198573466171,1234,23.620562,23.620529517705776,21.54667,24.811257626183743,1.619273193657601,0.19058607806177813,0.9049296358596896
2026-07-13 16:54:23.860,2026-07-13 17:01:04,360125,994.5196,994.5284596413253,25.85417,25.954295180000003,25.957594338962878,1233,23.617269,23.619502526596577,21.55334,24.788548432779727,1.5688907841779673,0.2011326477061726,0.88501171594207
2026-07-13 16:55:03.874,2026-07-13 17:01:04,400139,994.5518,994.5485196310966,25.8125,25.910375000000002,25.91158122405597,1229,23.604097,23.605231579740117,21.54,24.758406401898043,1.502017949224689,0.29502778746641367,0.8985228683455513
2026-07-13 16:55:43.888,2026-07-13 17:01:04,440153,994.5681,994.567354769303,25.77083,25.86645482,25.86650728842743,1225,23.590925,23.59084820204929,21.53,24.72867774523836,1.4360622225522177,0.38318974340252526,0.9096259829773715
2026-07-13 16:56:23.902,2026-07-13 17:01:04,480167,994.5769,994.5791862221308,25.72917,25.822545180000002,25.822330342369916,1221,23.577752999999998,23.577642658540082,21.51667,24.699986500454997,1.3724080884119783,0.43856942851181896,0.9054887584618986
2026-07-13 16:57:03.916,2026-07-13 17:01:04,520181,994.5982,994.5968878023103,25.6875,25.778625,25.77848830043668,1219,23.571167,23.570570027194606,21.5,24.67452916381564,1.315928673401222,0.521425519859818,0.91867709663052
2026-07-13 16:57:43.930,2026-07-13 17:01:04,560195,994.6053,994.6074351136576,25.625,25.712750000000003,25.71715333804003,1217,23.564580999999997,23.56452571936959,21.49667,24.64083952870481,1.2411851560434777,0.570794501815401,0.9059898289294394
2026-07-13 16:58:23.944,2026-07-13 17:01:04,600209,994.6108,994.6132895411773,25.58333,25.668829820000003,25.667043974310065,1215,23.557995,23.558042607218407,21.47,24.612543290764236,1.1784073804839532,0.5981974215797958,0.8883024010318745
2026-07-13 16:59:03.958,2026-07-13 17:01:04,640223,994.6121,994.614646886805,25.54167,25.62492018,25.622961440260603,1211,23.544822999999997,23.54542499022624,21.44,24.584193215243424,1.1155101613596687,0.6045507726464241,0.8600304670030464
2026-07-13 16:59:43.972,2026-07-13 17:01:04,680237,994.6124,994.6140421692882,25.5,25.581000000000003,25.58019441159004,1205,23.525064999999998,23.525718289369337,21.41,24.55295635047969,1.0462083379356746,0.6017202609460973,0.823964299440886
2026-07-13 17:00:23.986,2026-07-13 17:01:04,720251,994.6232,994.6210261984783,25.4375,25.515125,25.51948192930437,1202,23.515186,23.514315515907587,21.38667,24.51689872260598,0.9662112134197377,0.6344105267124615,0.8003108700660996
2026-07-13 17:01:04.000,2026-07-13 17:01:04,760265,994.6272,994.626837861924,25.41667,25.493170180000003,25.48704836084253,1209,23.538237,23.535124111272584,21.36667,24.511086236057558,0.9533156837473511,0.6616132799388044,0.8074644818430777
2026-07-13 17:04:18.174,2026-07-13 17:43:39,0,994.6143,994.6145796158758,25.25,25.317500000000003,25.31744531481406,1257,23.696301,23.6962708377969,21.35667,24.506858076305477,0.9439351270633344,0.6042358964489907,0.7740855117561625
2026-07-13 17:04:58.188,2026-07-13 17:43:39,40014,994.6279,994.6226103907838,25.22917,25.29554518,25.293560444414446,1256,23.693008,23.697251025583128,21.34667,24.495405734998787,0.9185270670345643,0.6418256829331699,0.780176374983867
2026-07-13 17:05:38.202,2026-07-13 17:43:39,80028,994.6044,994.6094037056023,25.1875,25.251625,25.254714026179176,1260,23.70618,23.70499611604875,21.33333,24.479855071113963,0.8840265058923614,0.5800089240500073,0.7320177149711844
2026-07-13 17:06:18.216,2026-07-13 17:43:39,120042,994.6,994.6003671659782,25.14583,25.207704820000004,25.209935148120234,1256,23.693008,23.694861931516503,21.33,24.45239853981837,0.8231116958410077,0.5377114373303263,0.680411566585667
2026-07-13 17:06:58.230,2026-07-13 17:43:39,160056,994.5969,994.5955226637283,25.125,25.185750000000002,25.182028989066715,1245,23.656785,23.659164527018053,21.32,24.420596758042386,0.7525565526831625,0.5150356921771598,0.6337961224301611
2026-07-13 17:07:38.244,2026-07-13 17:43:39,200070,994.5916,994.5909818225228,25.10417,25.16379518,25.161121132053573,1234,23.620562,23.620655293503884,21.31,24.390888212778727,0.6866454449705799,0.4937812985073155,0.5902133717389477
2026-07-13 17:08:18.258,2026-07-13 17:43:39,240084,994.574,994.5771619227529,25.04167,25.097920180000003,25.105961200550105,1218,23.567874,23.56914991981458,21.27667,24.337555560182345,0.5683221080760674,0.42909425553449354,0.4987081818052805
2026-07-13 17:08:58.272,2026-07-13 17:43:39,280098,994.5543,994.5575599974494,25.0,25.054000000000002,25.054898631811362,1206,23.528357999999997,23.52730531400266,21.24667,24.29110197290701,0.4652606027964503,0.3373431860212604,0.40130189440885533
2026-07-13 17:09:38.286,2026-07-13 17:43:39,320112,994.5355,994.5370255421658,25.0,25.054000000000002,25.044024578482404,1199,23.505307,23.503597821285243,21.21333,24.273811199883824,0.426899451381904,0.2412272073624713,0.33406332937218763
2026-07-13 17:10:18.300,2026-07-13 17:43:39,360126,994.5398,994.5339721219577,24.95833,25.01007982,25.012829631940864,1199,23.505307,23.503143552095494,21.19333,24.257986592018177,0.3917911206209953,0.2269350107835523,0.3093630657022738
2026-07-13 17:10:58.314,2026-07-13 17:43:39,400140,994.5444,994.5392424373205,24.91667,24.966170180000002,24.969827192453714,1196,23.495427999999997,23.49623305102362,21.18,24.233030121738665,0.3364229231505209,0.2516038667105065,0.2940133949305137
2026-07-13 17:11:38.328,2026-07-13 17:43:39,440154,994.5432,994.5421777481783,24.875,24.922250000000002,24.92387839037115,1191,23.478963,23.479837153094813,21.16,24.201857771732982,0.2672642315806528,0.2653432268189772,0.26630372919981504
2026-07-13 17:12:18.342,2026-07-13 17:43:39,480168,994.5563,994.5530357499429,24.85417,24.90029518,24.89608361508888,1186,23.462497999999997,23.46252112459257,21.15,24.179302369840727,0.21722302254711787,0.31616646276371324,0.26669474265541554
2026-07-13 17:12:58.356,2026-07-13 17:43:39,520182,994.5806,994.5752625623759,24.8125,24.856375000000003,24.857975661173164,1187,23.465791,23.463939503046255,21.15,24.16095758210971,0.17652344370969208,0.42020388669139525,0.2983636652005437
2026-07-13 17:13:38.370,2026-07-13 17:43:39,560196,994.6106,994.6056721939946,24.77083,24.812454820000003,24.814262111651644,1183,23.452619,23.453894276720096,21.13,24.134078194185868,0.11688907868193824,0.5625427733730317,0.33971592602748496
2026-07-13 17:14:18.384,2026-07-13 17:43:39,600210,994.6329,994.6324388293328,24.77083,24.812454820000003,24.804324564975435,1181,23.446033,23.44574682788807,21.11667,24.125035696431752,0.09682747559188774,0.6878298245954173,0.39232865009365253
2026-07-13 17:14:58.398,2026-07-13 17:43:39,640224,994.6707,994.6675028853641,24.75,24.7905,24.7897236201956,1184,23.455911999999998,23.4542865908524,21.12,24.122005105524,0.0901038342294158,0.8519547558217454,0.4710292950255806
2026-07-13 17:15:38.412,2026-07-13 17:43:39,680238,994.6778,994.6835728063229,24.70833,24.74657982,24.752204811134092,1181,23.446033,23.447656673372645,21.10667,24.09993074225337,0.04112985309689363,0.9271735117415018,0.4841516824191977
2026-07-13 17:16:18.426,2026-07-13 17:43:39,720252,994.7087,994.7078147378985,24.6875,24.724625000000003,24.72369552527093,1174,23.422981999999998,23.42448903049265,21.09,24.07409227788179,-0.016195128426394003,1.0406431385607846,0.5122240050671953
2026-07-13 17:16:58.440,2026-07-13 17:43:39,760266,994.7184,994.72181686778,24.64583,24.680704820000003,24.68345575604592,1174,23.422981999999998,23.420929297685028,21.08,24.052192526865475,-0.06478171640317526,1.106183149156791,0.5207007163768079
2026-07-13 17:17:38.454,2026-07-13 17:43:39,800280,994.7413,994.7407439026259,24.625,24.65875,24.656136228945687,1171,23.413103,23.413631134431533,21.07,24.034883681688612,-0.10318296253312924,1.1947752472765578,0.5457961423717143
2026-07-13 17:18:18.468,2026-07-13 17:43:39,840294,994.7356,994.7418899048931,24.60417,24.63679518,24.63467873854562,1169,23.406516999999997,23.406463223916848,21.04333,24.020570981231234,-0.13493698929990314,1.2001393598345158,0.5326011852673064
2026-07-13 17:18:58.482,2026-07-13 17:43:39,880308,994.7444,994.7457100392858,24.58333,24.61482982,24.61409760279156,1163,23.386758999999998,23.387889315321257,21.03667,24.00099345905641,-0.1783715015373215,1.2180203287078317,0.5198244135852551
2026-07-13 17:19:38.496,2026-07-13 17:43:39,920322,994.7295,994.7352060827421,24.5625,24.592875000000003,24.592864028657164,1154,23.357121999999997,23.358138010391713,21.01,23.975501019524437,-0.23492879550565715,1.1688542783287772,0.46696274141156
2026-07-13 17:20:18.510,2026-07-13 17:43:39,960336,994.7341,994.7331058739843,24.52083,24.548954820000002,24.5535399921663,1149,23.340657,23.33948274159139,20.99667,23.946511366878845,-0.29924497460888816,1.1590237950089446,0.42988941020002824
2026-07-13 17:20:58.524,2026-07-13 17:43:39,1000350,994.7146,994.718723122411,24.5,24.527,24.52529510783209,1145,23.327485,23.326969546795212,20.96333,23.926132327313653,-0.3444577260223146,1.0917022019021239,0.3736222379399046
2026-07-13 17:21:38.538,2026-07-13 17:43:39,1040364,994.7077,994.7078993441327,24.45833,24.48307982,24.485578333841918,1143,23.320898999999997,23.32035640323829,20.94667,23.902967368540104,-0.3958512923962492,1.041039156418837,0.32259393201129394
2026-07-13 17:22:18.552,2026-07-13 17:43:39,1080378,994.675,994.6809573845094,24.4375,24.461125000000003,24.45851744757248,1139,23.307727,23.308305884940623,20.93333,23.88341166625655,-0.4392373952217964,0.9149314617947324,0.237847033286468
2026-07-13 17:22:58.566,2026-07-13 17:43:39,1120392,994.6721,994.6688494564848,24.4375,24.461125000000003,24.45462187470668,1133,23.287968999999997,23.288672802237528,20.91667,23.871647338472105,-0.46533762560618813,0.8582576744682591,0.19646002443103547
2026-07-13 17:23:38.580,2026-07-13 17:43:39,1160406,994.6563,994.6555525349032,24.41667,24.43917018,24.44025801194889,1126,23.264917999999998,23.265238755589845,20.89667,23.852748383769367,-0.5072666742355442,0.7960185445125001,0.14437593513847796
2026-07-13 17:24:18.594,2026-07-13 17:43:39,1200420,994.6624,994.6568131724235,24.375,24.39525,24.401658404692075,1126,23.264917999999998,23.262818403783776,20.88667,23.832238404237927,-0.5527699278644991,0.8019192322748894,0.12457465220519515
2026-07-13 17:24:58.608,2026-07-13 17:43:39,1240434,994.6065,994.6188062041783,24.35417,24.373295180000003,24.372456124981408,1123,23.255039,23.25566861274908,20.87,23.814062368865244,-0.593095114257993,0.624019361141807,0.015462123441907005
2026-07-13 17:25:38.622,2026-07-13 17:43:39,1280448,994.6296,994.6198247088885,24.35417,24.373295180000003,24.367056542313964,1139,23.307727,23.302362109519382,20.87,23.834709325916673,-0.5472879635518126,0.6287866936876279,0.040749365067907606
2026-07-13 17:26:18.636,2026-07-13 17:43:39,1320462,994.5829,994.5904452766355,24.3125,24.329375000000002,24.334706506441897,1129,23.274797,23.281848221937345,20.85,23.80827736418962,-0.6059296728979002,0.4912698789275036,-0.0573298969851983
2026-07-13 17:26:58.650,2026-07-13 17:43:39,1360476,994.5831,994.5792159310603,24.29167,24.30742018,24.30742056520196,1121,23.248452999999998,23.249113341184852,20.84,23.778266953193405,-0.6725104971730634,0.43870848760976916,-0.11690100478164714
2026-07-13 17:27:38.664,2026-07-13 17:43:39,1400490,994.5627,994.5630796924161,24.25,24.2635,24.266865258551167,1119,23.241867,23.239530017579888,20.82667,23.75319763806553,-0.7281290511954753,0.3631793173571854,-0.18247486691914497
2026-07-13 17:28:18.678,2026-07-13 17:43:39,1440504,994.5225,994.5291387200324,24.25,24.2635,24.256623292453266,1112,23.218815999999997,23.21998099554759,20.80333,23.73830214400043,-0.7611760585478666,0.20431122311113054,-0.278432417718368
2026-07-13 17:28:58.692,2026-07-13 17:43:39,1480518,994.489,994.4924254022409,24.20833,24.219579820000003,24.223679986732122,1107,23.202351,23.202096410096598,20.78,23.712888198414362,-0.8175592065633284,0.032466563946557135,-0.3925463213083856
2026-07-13 17:29:38.706,2026-07-13 17:43:39,1520532,994.462,994.4612303591914,24.1875,24.197625000000002,24.19701958976669,1100,23.179299999999998,23.179759331941117,20.76,23.688389460853905,-0.8719118823957851,-0.11354861155201011,-0.4927302469738976
2026-07-13 17:30:18.720,2026-07-13 17:43:39,1560546,994.4108,994.4157397132788,24.1875,24.197625000000002,24.19199276062152,1096,23.166128,23.165313306622018,20.74,23.67865303362177,-0.8935130311002262,-0.32647746168833935,-0.6099952463942828
2026-07-13 17:30:58.734,2026-07-13 17:43:39,1600560,994.3996,994.3930651848523,24.16667,24.17567018,24.17687273278728,1100,23.179299999999998,23.176802456838963,20.73667,23.676837594813122,-0.8975407470923926,-0.4326105175808439,-0.6650756323366183
2026-07-13 17:31:38.748,2026-07-13 17:43:39,1640574,994.3648,994.3645551773185,24.14583,24.15370482,24.15556405091856,1099,23.176007,23.177287008377167,20.71667,23.666425529647864,-0.9206408599564601,-0.5660578010773875,-0.7433493305169238
2026-07-13 17:32:18.762,2026-07-13 17:43:39,1680588,994.3619,994.3549197081534,24.10417,24.109795180000003,24.115100840813696,1093,23.156249,23.15809278089185,20.69667,23.636596810852772,-0.9868185835704307,-0.6111587076196313,-0.798988645595031
2026-07-13 17:32:58.776,2026-07-13 17:43:39,1720602,994.3049,994.3138424034958,24.10417,24.109795180000003,24.103702613435345,1092,23.152956,23.151562779989927,20.68,23.627632696712638,-1.0067062854890103,-0.8034299553007792,-0.9050681203948947
2026-07-13 17:33:38.790,2026-07-13 17:43:39,1760616,994.2892,994.2871855279952,24.0625,24.065875000000002,24.07005060723684,1087,23.136491,23.137356808207585,20.66333,23.60370370772221,-1.059794922337564,-0.9282032517593986,-0.9939990870484813
2026-07-13 17:34:18.804,2026-07-13 17:43:39,1800630,994.269,994.2661978498105,24.0625,24.065875000000002,24.06071452156187,1085,23.129904999999997,23.129237016554523,20.65,23.594975769058195,-1.0791586474976942,-1.0264406386605571,-1.0527996430791258
2026-07-13 17:34:58.818,2026-07-13 17:43:39,1840644,994.2332,994.235666067976,24.02083,24.02195482,24.02691531744304,1083,23.123319,23.123168246605655,20.65,23.57504178202435,-1.123384009421967,-1.1693512759620361,-1.1463676426920015
2026-07-13 17:35:38.832,2026-07-13 17:43:39,1880658,994.1971,994.199905505423,24.04167,24.04392018,24.03459597872806,1082,23.120026,23.119773649900978,20.64667,23.57718481431452,-1.118629497517886,-1.336736357265727,-1.2276829273918066
2026-07-13 17:36:18.846,2026-07-13 17:43:39,1920672,994.1739,994.1720379755448,24.0,24.0,24.00676035138016,1079,23.110146999999998,23.110724810845195,20.64,23.558742581112675,-1.159545267988624,-1.467176384529869,-1.3133608262592467
2026-07-13 17:36:58.860,2026-07-13 17:43:39,1960686,994.1667,994.1601784532664,23.97917,23.978045180000002,23.979522524977117,1073,23.090389,23.091362514843425,20.62,23.53544251991027,-1.211238571379689,-1.5226874547999305,-1.3669630130898098
2026-07-13 17:37:38.874,2026-07-13 17:43:39,2000700,994.1445,994.1437848469777,23.95833,23.956079820000003,23.955596028722344,1069,23.077216999999997,23.07667957255084,20.59667,23.516137800636592,-1.2540678455873673,-1.5994212902206597,-1.4267445679040134
2026-07-13 17:38:18.888,2026-07-13 17:43:39,2040714,994.0988,994.1062565461211,23.9375,23.934125,23.933535268949534,1067,23.070631,23.069893002720427,20.57333,23.50171413583498,-1.2860680568367593,-1.7750806546602924,-1.5305743557485258
2026-07-13 17:38:58.902,2026-07-13 17:43:39,2080728,994.0641,994.067323396093,23.91667,23.91217018,23.911916093053694,1066,23.067338,23.067009784530306,20.56,23.489462938792002,-1.3132484509200593,-1.9573157208229666,-1.635282085871513
2026-07-13 17:39:38.916,2026-07-13 17:43:39,2120742,994.0478,994.0434670185329,23.89583,23.89020482,23.890174612975176,1062,23.054166,23.055084207449525,20.55,23.47262941021235,-1.3505951639802087,-2.0689806783189506,-1.7097879211495797
2026-07-13 17:40:18.930,2026-07-13 17:43:39,2160756,994.0281,994.0246756590468,23.89583,23.89020482,23.88579460147014,1061,23.050873,23.050115036936308,20.53,23.46795481920322,-1.360966168981647,-2.156937718444187,-1.7589519437129169
2026-07-13 17:40:58.944,2026-07-13 17:43:39,2200770,994.0301,994.0227114646231,23.875,23.868250000000003,23.870065504548613,1061,23.050873,23.05041179948574,20.53,23.460238652017175,-1.3780851871635953,-2.166131557126895,-1.772108372145245
2026-07-13 17:41:38.958,2026-07-13 17:43:39,2240784,994.022,994.0196975249518,23.85417,23.846295180000002,23.84827088015045,1058,23.040993999999998,23.041899478159852,20.51667,23.44508517915515,-1.4117045439232263,-2.1802389564770945,-1.7959717502001604
2026-07-13 17:42:18.972,2026-07-13 17:43:39,2280798,994.0093,994.0106617006612,23.83333,23.824329820000003,23.825143795065156,1057,23.037701,23.037249508619364,20.51,23.43119665184226,-1.4425175040182059,-2.222533094922941,-1.8325252994705734
2026-07-13 17:42:58.986,2026-07-13 17:43:39,2320812,993.9851,993.9898825841967,23.8125,23.802375,23.802458972805997,1052,23.021236,23.02228897200933,20.50667,23.412373972407664,-1.4842773290329512,-2.3197942633866666,-1.902035796209809
2026-07-13 17:43:39.000,2026-07-13 17:43:39,2360826,993.9834,993.9808497754677,23.79167,23.78042018,23.780305628726893,1050,23.01465,23.01391783238634,20.49,23.397111730556617,-1.5181379996801403,-2.3620742868415583,-1.9401061432608493
