timestamp,pressure_hPa,lps33hw_tempC,ds18b20_tempC,thermistor_mV,thermistor_tempC,uptime_ms
2026-07-14T13:58:00,997.28,19.67,25.02,994,23.02092066216932,23156
2026-07-14T13:58:00,997.22,19.82,25.98,978,22.96991798134084,43169
2026-07-14T13:58:00,997.2,19.99,26.25,1075,23.279121733863498,63182
2026-07-14T13:58:00,997.19,20.15,26.4,1044,23.18030403975832,83195
2026-07-14T13:58:00,997.23,20.31,26.44,1066,23.25043272589748,103208
2026-07-14T13:58:00,997.19,20.46,26.48,1179,23.61063915924862,123221
2026-07-14T13:58:00,997.14,20.6,26.5,1163,23.55963647842014,143234
2026-07-14T13:58:00,997.14,20.72,26.5,1207,23.69989385069846,163247
2026-07-14T13:58:00,997.19,20.82,26.5,1226,23.76045953418228,183260
2026-07-14T13:58:00,997.21,20.9,26.5,1226,23.76045953418228,203273
2026-07-14T13:58:00,997.18,20.98,26.5,1226,23.76045953418228,223286
2026-07-14T13:58:00,997.18,21.04,26.5,1226,23.76045953418228,243299
2026-07-14T13:58:00,997.16,21.1,26.5,1223,23.75089653152694,263312
2026-07-14T13:58:00,997.17,21.14,26.5,1223,23.75089653152694,283325
2026-07-14T13:58:00,997.15,21.17,26.48,1223,23.75089653152694,303338
2026-07-14T13:58:00,997.16,21.19,26.48,1216,23.72858285866448,323351
2026-07-14T13:58:00,997.17,21.21,26.48,1216,23.72858285866448,343364
2026-07-14T13:58:00,997.16,21.23,26.46,1220,23.7413335288716,363377
2026-07-14T13:58:00,997.14,21.24,26.44,1220,23.7413335288716,383390
2026-07-14T13:58:00,997.13,21.24,26.44,1220,23.7413335288716,403403
2026-07-14T13:58:00,997.11,21.25,26.44,1220,23.7413335288716,423416
2026-07-14T13:58:00,997.14,21.25,26.44,1220,23.7413335288716,443429
2026-07-14T13:58:00,997.12,21.25,26.42,1220,23.7413335288716,463442
2026-07-14T13:58:00,997.12,21.26,26.4,1220,23.7413335288716,483455
2026-07-14T13:58:00,997.12,21.26,26.38,1216,23.72858285866448,503468
2026-07-14T13:58:00,997.1,21.27,26.38,1216,23.72858285866448,523481
2026-07-14T13:58:00,997.12,21.27,26.38,1216,23.72858285866448,543494
2026-07-14T13:58:00,997.11,21.27,26.38,1223,23.75089653152694,563507
2026-07-14T13:58:00,997.5,21.27,26.33,1226,23.76045953418228,583520
2026-07-14T13:58:00,997.08,21.28,26.35,1229,23.77002253683762,603533
2026-07-14T14:09:46,997.083,21.28,26.3125,1238,23.79871,623546
2026-07-14T14:09:46,997.0727,21.28,26.3125,1236,23.79234,643559
2026-07-14T14:09:46,997.0633,21.27,26.3125,1235,23.78915,663572
2026-07-14T14:09:46,997.0515,21.26,26.27083,1233,23.78277,683585
2026-07-14T14:09:46,997.0215,21.25333,26.27083,1235,23.78915,703598
2026-07-14T14:09:46,997.0297,21.24,26.25,1234,23.78596,723611
2026-07-14T14:09:46,997.0247,21.23,26.25,1229,23.77002,743624
2026-07-14T14:09:46,997.0283,21.21,26.20833,1230,23.77321,763637
2026-07-14T14:09:46,997.0141,21.2,26.20833,1231,23.7764,783650
2026-07-14T14:09:46,997.0327,21.2,26.1875,1231,23.7764,803663
2026-07-14T14:09:46,996.9996,21.20333,26.1875,1229,23.77002,823676
2026-07-14T14:09:46,996.9957,21.2,26.16667,1228,23.76683,843689
2026-07-14T14:09:46,996.9981,21.20333,26.16667,1228,23.76683,863702
2026-07-14T14:09:46,996.973,21.2,26.14583,1231,23.7764,883715
2026-07-14T14:09:46,997.0054,21.20667,26.14583,1233,23.78277,903728
2026-07-14T14:09:46,996.9595,21.20667,26.125,1235,23.78915,923741
2026-07-14T14:09:46,996.97,21.21333,26.10417,1234,23.78596,943754
2026-07-14T14:09:46,996.9543,21.21,26.125,1232,23.77958,963767
2026-07-14T14:09:46,996.9631,21.21667,26.08333,1232,23.77958,983780
2026-07-14T14:09:46,996.9549,21.21,26.0625,1229,23.77002,1003793
2026-07-14T14:09:46,996.9564,21.2,26.0625,1228,23.76683,1023806
2026-07-14T14:09:46,996.9772,21.19,26.0625,1226,23.76046,1043819
2026-07-14T14:09:46,996.9938,21.19333,26.04167,1225,23.75727,1063832
2026-07-14T14:09:46,996.967,21.18667,26.02083,1221,23.74452,1083845
2026-07-14T14:09:46,996.9598,21.18333,26.04167,1221,23.74452,1103858
2026-07-14T14:09:46,996.9839,21.19,26.02083,1220,23.74133,1123871
2026-07-14T14:09:46,996.9672,21.18667,26,1216,23.72858,1143884
2026-07-14T14:09:46,996.9539,21.18333,26,1215,23.7254,1163897
2026-07-14T14:09:46,996.9482,21.18,25.97917,1214,23.72221,1183910
2026-07-14T14:09:46,996.9617,21.17333,25.95833,1211,23.71264,1203923
2026-07-14T14:19:36,996.9496,21.17333,25.95833,1212,23.71583,1223928
2026-07-14T14:19:36,996.9321,21.17667,25.9375,1213,23.71902,1243941
2026-07-14T14:19:36,996.9333,21.17667,25.9375,1211,23.71264,1263954
2026-07-14T14:19:36,996.9361,21.18,25.9375,1210,23.70946,1283967
2026-07-14T14:19:36,996.9067,21.17,25.9375,1207,23.69989,1303980
2026-07-14T14:19:36,996.9025,21.16333,25.89583,1207,23.69989,1323993
2026-07-14T14:19:36,996.9014,21.16,25.89583,1204,23.69033,1344006
2026-07-14T14:19:36,996.8697,21.15667,25.875,1203,23.68714,1364019
2026-07-14T14:19:36,996.8975,21.15,25.875,1204,23.69033,1384032
2026-07-14T14:19:36,996.8838,21.15,25.875,1203,23.68714,1404045
2026-07-14T14:19:36,996.8923,21.14,25.85417,1201,23.68077,1424058
2026-07-14T14:19:36,996.8853,21.13333,25.83333,1199,23.67439,1444071
2026-07-14T14:19:36,996.8687,21.12,25.83333,1198,23.67121,1464084
2026-07-14T14:19:36,996.8723,21.11333,25.8125,1196,23.66483,1484097
2026-07-14T14:19:36,996.8381,21.10667,25.8125,1191,23.64889,1504110
2026-07-14T14:19:36,996.8443,21.10333,25.79167,1190,23.6457,1524123
2026-07-14T14:19:36,996.8266,21.09667,25.77083,1190,23.6457,1544136
2026-07-14T14:19:36,996.8394,21.09,25.79167,1185,23.62976,1564149
2026-07-14T14:19:36,996.8173,21.07667,25.79167,1183,23.62339,1584162
2026-07-14T14:19:36,996.8406,21.07,25.75,1182,23.6202,1604175
2026-07-14T14:19:36,996.845,21.06667,25.75,1181,23.61701,1624188
2026-07-14T14:19:36,996.8394,21.06,25.72917,1180,23.61383,1644202
2026-07-14T14:19:36,996.8491,21.06,25.75,1178,23.60745,1664216
2026-07-14T14:19:36,996.8447,21.05,25.70833,1174,23.5947,1684229
2026-07-14T14:19:36,996.8537,21.04667,25.70833,1173,23.59151,1704243
2026-07-14T14:19:36,996.8419,21.04,25.6875,1176,23.60108,1724257
2026-07-14T14:19:36,996.8271,21.03333,25.6875,1178,23.60745,1744271
2026-07-14T14:19:36,996.8231,21.02667,25.66667,1178,23.60745,1764284
2026-07-14T14:19:36,996.8287,21.03333,25.66667,1178,23.60745,1784297
2026-07-14T14:19:36,996.8194,21.03333,25.64583,1174,23.5947,1804310
2026-07-14T14:29:47,996.8293,21.02,25.64583,1170,23.58195,1824347
2026-07-14T14:29:47,996.8403,21.02,25.625,1170,23.58195,1844361
2026-07-14T14:29:47,996.8403,21.01333,25.625,1168,23.57557,1864375
2026-07-14T14:29:47,996.8376,21.00667,25.625,1165,23.56601,1884389
2026-07-14T14:29:47,996.8208,20.99333,25.625,1163,23.55964,1904403
2026-07-14T14:29:47,996.801,20.99,25.58333,1162,23.55645,1924417
2026-07-14T14:29:47,996.8165,20.97667,25.58333,1164,23.56282,1944431
2026-07-14T14:29:47,996.8249,20.96667,25.5625,1167,23.57239,1964445
2026-07-14T14:29:47,996.832,20.95333,25.5625,1171,23.58514,1984459
2026-07-14T14:29:47,996.8171,20.95,25.5625,1172,23.58833,2004473
2026-07-14T14:29:47,996.9814,20.94667,25.52083,1180,23.61383,2024487
2026-07-14T14:29:47,996.8183,20.95,25.52083,1184,23.62658,2044501
2026-07-14T14:29:47,996.8276,20.94333,25.52083,1178,23.60745,2064515
2026-07-14T14:29:47,996.8474,20.94,25.5,1176,23.60108,2084529
2026-07-14T14:29:47,996.8497,20.93333,25.5,1173,23.59151,2104543
2026-07-14T14:29:47,996.8186,20.92333,25.5,1170,23.58195,2124557
2026-07-14T14:29:47,996.8266,20.92667,25.47917,1167,23.57239,2144571
2026-07-14T14:29:47,996.8398,20.91667,25.4375,1165,23.56601,2164585
2026-07-14T14:29:47,996.8279,20.92333,25.47917,1168,23.57557,2184599
2026-07-14T14:29:47,996.8233,20.92,25.45833,1167,23.57239,2204613
2026-07-14T14:29:47,996.8406,20.92333,25.41667,1162,23.55645,2224627
2026-07-14T14:29:47,996.8118,20.91,25.4375,1159,23.54689,2244641
2026-07-14T14:29:47,996.8111,20.90667,25.4375,1158,23.5437,2264655
2026-07-14T14:29:47,996.8173,20.90333,25.41667,1155,23.53414,2284669
2026-07-14T14:29:47,996.8096,20.89667,25.41667,1152,23.52457,2304683
2026-07-14T14:29:47,996.8201,20.88333,25.375,1145,23.50226,2324697
2026-07-14T14:29:47,996.8064,20.87,25.375,1147,23.50863,2344711
2026-07-14T14:29:47,996.8252,20.87667,25.375,1149,23.51501,2364725
2026-07-14T14:29:47,996.8327,20.88,25.35417,1149,23.51501,2384739
2026-07-14T14:29:47,996.8088,20.87,25.35417,1148,23.51182,2404753
2026-07-14T14:32:04,996.7957,20.87,25.33333,1147,23.50863,2424759
2026-07-14T14:32:04,996.7968,20.87,25.33333,1148,23.51182,2444773
2026-07-14T14:32:04,996.7944,20.86333,25.3125,1147,23.50863,2464787
2026-07-14T14:32:04,996.7828,20.86,25.3125,1146,23.50545,2484801
2026-07-14T14:32:04,996.7905,20.85,25.3125,1145,23.50226,2504815
2026-07-14T14:32:04,996.7822,20.84667,25.3125,1143,23.49588,2524829