timestamp,pressure_hPa,lps33hw_tempC,ds18b20_tempC,thermistor_mV,thermistor_tempC,uptime_ms,pressure_hPa_raw
2026-07-14T17:26:14,990.6026,24.66,35.02083,2104,26.55923,300161,990.6025546253492
2026-07-14T17:26:14,990.896,24.71,34.9375,2104,26.55923,320171,990.8960206267053
2026-07-14T17:26:14,990.7378,24.73,34.875,2104,26.55923,340181,990.7377688199211
2026-07-14T17:26:14,991.095,24.75333,34.8125,2109,26.57517,360191,991.0949737999449
2026-07-14T17:26:14,991.0953,24.76,34.75,2092,26.52098,380201,991.0953479370033
2026-07-14T17:26:14,991.0865,24.76,34.66667,2078,26.47635,400211,991.0865074886785
2026-07-14T17:26:14,991.0695,24.75667,34.58333,2089,26.51142,420221,991.0694650769626
2026-07-14T17:26:14,991.0645,24.75,34.5,2086,26.50185,440231,991.0644525260138
2026-07-14T17:26:14,991.14,24.74333,34.4375,2072,26.45723,460241,991.1399763101292
2026-07-14T17:26:14,991.1644,24.76667,34.39583,2092,26.52098,480251,991.1644219863664
2026-07-14T17:26:14,991.22,24.78333,34.3125,2066,26.4381,500261,991.2199556676469
2026-07-14T17:26:14,991.2843,24.81,34.25,2053,26.39666,520271,991.2842615267372
2026-07-14T17:26:14,991.3529,24.82667,34.16667,2053,26.39666,540281,991.3529263521283
2026-07-14T17:26:14,991.567,24.83667,34.10417,2060,26.41897,560291,991.5670236598295
2026-07-14T17:26:14,991.4997,24.83666,34.02083,2066,26.4381,580301,991.4997381085184
2026-07-14T17:36:14,991.4261,24.82,33.95833,2066,26.4381,600310,991.4261472580599
2026-07-14T17:36:14,991.2025,24.79,33.89583,2060,26.41897,620320,991.2024633130211
2026-07-14T17:36:14,991.4381,24.77,33.8125,2055,26.40304,640330,991.4381394274166
2026-07-14T17:36:14,991.2239,24.75,33.72917,2063,26.42854,660340,991.2238540088017
2026-07-14T17:36:14,991.1385,24.71,33.6875,2065,26.43491,680350,991.1385352017892
2026-07-14T17:36:14,990.972,24.68,33.60417,2065,26.43491,700360,990.9720371351823
2026-07-14T17:36:14,990.8632,24.65,33.54167,2065,26.43491,720370,990.8631783688295
2026-07-14T17:36:14,990.9155,24.61667,33.45833,2048,26.38072,740380,990.9155194869962
2026-07-14T17:36:14,990.7822,24.6,33.375,2044,26.36797,760390,990.7822194132636
2026-07-14T17:36:14,990.7553,24.58,33.3125,2030,26.32334,780401,990.7553429261734
2026-07-14T17:36:14,990.8077,24.55,33.25,2022,26.29784,800411,990.8076770598418
2026-07-14T17:36:14,990.7032,24.52,33.1875,2026,26.31059,820422,990.7032075212558
2026-07-14T17:36:14,990.8209,24.5,33.125,2014,26.27234,840433,990.8208717564701
2026-07-14T17:36:14,990.6531,24.49,33.04167,2011,26.26278,860444,990.6531460046721
2026-07-14T17:36:14,990.5362,24.47,32.97917,2024,26.30422,880455,990.536152272949
2026-07-14T17:36:14,990.3924,24.44333,32.91667,2020,26.29147,900466,990.3923989571023
2026-07-14T17:36:14,990.2536,24.42,32.83333,2020,26.29147,920477,990.2535639789427
2026-07-14T17:36:14,990.2155,24.4,32.77083,2015,26.27553,940488,990.2154827356153
2026-07-14T17:36:14,990.1209,24.38,32.70833,2001,26.2309,960499,990.1208526997508
2026-07-14T17:36:14,990.1561,24.35667,32.66667,2001,26.2309,980510,990.1560564041207
2026-07-14T17:36:14,990.0833,24.34,32.5625,1990,26.19584,1000521,990.0832722064757
2026-07-14T17:36:14,990.0825,24.30667,32.52083,1981,26.16715,1020532,990.0825367528278
2026-07-14T17:36:14,989.9127,24.28,32.4375,1973,26.14165,1040543,989.9127413056964
2026-07-14T17:36:14,989.8004,24.25333,32.39583,1957,26.09064,1060554,989.8004240339864
2026-07-14T17:36:14,990.0219,24.23333,32.3125,1957,26.09064,1080565,990.0218610406039
2026-07-14T17:36:14,989.8312,24.21,32.3125,1961,26.1034,1100576,989.8311616211822
2026-07-14T17:36:14,989.7733,24.19,32.25,1954,26.08108,1120587,989.7732595659955
2026-07-14T17:36:14,989.5197,24.15,32.1875,1951,26.07152,1140598,989.5197143436928
2026-07-14T17:36:14,989.5494,24.11667,32.125,1943,26.04602,1160609,989.5493834798531
2026-07-14T17:36:14,989.4037,24.09,32.0625,1952,26.07471,1180620,989.4037303897873
2026-07-14T17:46:14,989.4864,24.06667,32.0,1943,26.04602,1200640,989.4864364967035
2026-07-14T17:46:14,989.406,24.04,31.9375,1939,26.03327,1220651,989.4059908348955
2026-07-14T17:46:14,989.3431,24.03667,31.875,1919,25.96951,1240662,989.3431100899999
2026-07-14T17:46:14,989.4182,24.03,31.83333,1905,25.92488,1260673,989.4182218223253
2026-07-14T17:46:14,989.512,24.03333,31.79167,1880,25.84519,1280684,989.5119624835463
2026-07-14T17:46:14,989.3035,24.02,31.72917,1872,25.81969,1300695,989.3034789141191
2026-07-14T17:46:14,989.2903,24.01,31.6875,1870,25.81332,1320706,989.2903286798598
2026-07-14T17:46:14,989.0408,24.0,31.625,1854,25.76231,1340717,989.0408270028556
2026-07-14T17:46:14,989.3166,23.98667,31.5625,1846,25.73681,1360728,989.3166216559197
2026-07-14T17:46:14,989.1848,23.97333,31.52083,1843,25.72725,1380739,989.1847564740125
2026-07-14T17:46:14,989.4423,23.98,31.47917,1844,25.73044,1400750,989.4423134114439
2026-07-14T17:46:14,989.2196,23.96,31.4375,1838,25.71131,1420761,989.2196434904097
2026-07-14T17:46:14,989.3581,23.94333,31.375,1833,25.69537,1440772,989.358108592598
2026-07-14T17:46:14,989.2098,23.92667,31.3125,1822,25.66031,1460783,989.2097564684383
2026-07-14T17:46:14,989.1465,23.90333,31.29167,1809,25.61887,1480794,989.1465134782163
2026-07-14T17:46:14,988.9637,23.88667,31.25,1804,25.60293,1500805,988.9637160385704
2026-07-14T17:46:14,988.9494,23.86,31.1875,1798,25.58381,1520816,988.9493908256129
2026-07-14T17:46:14,988.9158,23.84333,31.125,1787,25.54874,1540827,988.9158434954826
2026-07-14T17:46:14,988.882,23.80667,31.0625,1784,25.53918,1560838,988.8819871086395
2026-07-14T17:46:14,988.8795,23.76333,31.04167,1777,25.51686,1580849,988.879453529228
2026-07-14T17:46:14,988.7625,23.73,31.0,1772,25.50093,1600860,988.7625171865982
2026-07-14T17:46:14,988.7628,23.71667,30.9375,1770,25.49455,1620871,988.7627797391622
2026-07-14T17:46:14,988.4874,23.7,30.89583,1759,25.45949,1640882,988.4874207339477
2026-07-14T17:46:14,988.5441,23.68,30.83333,1745,25.41486,1660893,988.5440800518995
2026-07-14T17:46:14,988.5627,23.66,30.8125,1741,25.40211,1680904,988.5626827651763
2026-07-14T17:46:14,988.5539,23.65667,30.75,1730,25.36704,1700915,988.553894980311
2026-07-14T17:46:14,988.4598,23.64,30.70833,1731,25.37023,1720926,988.459802044209
2026-07-14T17:46:14,988.5016,23.63,30.6875,1730,25.36704,1740937,988.5016197687672
2026-07-14T17:46:14,988.3544,23.59667,30.60417,1724,25.34792,1760948,988.354369022372
2026-07-14T17:46:14,988.2669,23.56,30.5625,1726,25.35429,1780959,988.2669238427634
2026-07-14T17:56:15,988.1629,23.54,30.54167,1725,25.3511,1800982,988.1628561349586
2026-07-14T17:56:15,988.2085,23.52,30.5,1720,25.33517,1820994,988.2085135523371
2026-07-14T17:56:15,988.1146,23.51,30.4375,1709,25.3001,1841006,988.1146289988918
2026-07-14T17:56:15,988.0498,23.50333,30.41667,1709,25.3001,1861018,988.0497788068196
2026-07-14T17:56:15,988.2826,23.50333,30.35417,1715,25.31923,1881030,988.2825932752932
2026-07-14T17:56:15,988.1941,23.50333,30.3125,1708,25.29692,1901042,988.1941225968799
2026-07-14T17:56:15,988.2798,23.47667,30.27083,1705,25.28735,1921054,988.2798156862116
2026-07-14T17:56:15,988.0576,23.45333,30.22917,1703,25.28098,1941066,988.0575581377765
2026-07-14T17:56:15,988.1866,23.43,30.1875,1701,25.2746,1961078,988.1866211333079
2026-07-14T17:56:15,987.9698,23.40667,30.16667,1698,25.26504,1981090,987.9698330733793
2026-07-14T17:56:15,987.7864,23.39,30.125,1689,25.23635,2001102,987.7864051016863
2026-07-14T17:56:15,988.0557,23.37,30.0625,1690,25.23954,2021114,988.0557329243926
2026-07-14T17:56:15,987.6826,23.34667,30.02083,1680,25.20766,2041126,987.6825577532109
2026-07-14T17:56:15,987.7692,23.34,30.0,1674,25.18853,2061138,987.7692148506578
2026-07-14T17:56:15,987.8877,23.32,29.9375,1669,25.1726,2081150,987.8876679624823
2026-07-14T17:56:15,987.7504,23.30667,29.89583,1667,25.16622,2101162,987.7503502180132
2026-07-14T17:56:15,987.7274,23.28667,29.85417,1667,25.16622,2121174,987.7273987391305
2026-07-14T17:56:15,987.6828,23.27,29.8125,1660,25.14391,2141186,987.6827869380304
2026-07-14T17:56:15,987.5705,23.25,29.79167,1654,25.12478,2161198,987.5705364040354
2026-07-14T17:56:15,987.518,23.24,29.75,1652,25.11841,2181210,987.518034362111
2026-07-14T17:56:15,987.6211,23.22333,29.70833,1648,25.10566,2201222,987.6211156739494
2026-07-14T17:56:15,987.4835,23.19,29.66667,1637,25.07059,2221234,987.4834713443261
2026-07-14T17:56:15,987.4055,23.17,29.625,1630,25.04828,2241246,987.4054695380016
2026-07-14T17:56:15,987.4595,23.15,29.58333,1630,25.04828,2261258,987.4594682916147
2026-07-14T17:56:15,987.4039,23.12333,29.5625,1630,25.04828,2281270,987.403942792362
2026-07-14T17:56:15,987.5405,23.10333,29.54167,1623,25.02596,2301282,987.5404562673912
2026-07-14T17:56:15,987.2593,23.07,29.47917,1610,24.98452,2321294,987.2592843880251
2026-07-14T17:56:15,987.2667,23.05,29.4375,1602,24.95902,2341306,987.2667243860634
2026-07-14T17:56:15,987.0834,23.02667,29.41667,1597,24.94308,2361318,987.0833969215616
2026-07-14T17:56:15,987.3842,23.02,29.35417,1595,24.93671,2381330,987.3841877263852
2026-07-14T18:06:15,987.1267,23.01667,29.3125,1594,24.93352,2401350,987.1267249814432
2026-07-14T18:06:15,986.9457,22.99,29.3125,1591,24.92396,2421362,986.9456918600907
2026-07-14T18:06:15,987.1508,22.99,29.25,1595,24.93671,2441374,987.1508311717781
2026-07-14T18:06:15,987.1966,22.98333,29.22917,1588,24.91439,2461386,987.196613115758
2026-07-14T18:06:15,987.0278,22.98,29.1875,1576,24.87614,2481398,987.0278331198356
2026-07-14T18:06:15,987.3731,22.97,29.16667,1569,24.85383,2501410,987.3731412850169
2026-07-14T18:06:15,987.156,22.96667,29.10417,1564,24.83789,2521422,987.156031123108
2026-07-14T18:06:15,987.3482,22.96333,29.08333,1558,24.81877,2541434,987.3482238048668
2026-07-14T18:06:15,987.2837,22.94,29.04167,1548,24.78689,2561446,987.2837166720209
2026-07-14T18:06:15,987.1951,22.91,29.0,1543,24.77095,2581458,987.1950854331174
2026-07-14T18:06:15,986.916,22.87333,29.0,1540,24.76139,2601470,986.9159591083909
2026-07-14T18:06:15,986.8964,22.85667,28.9375,1538,24.75501,2621482,986.89642314985
2026-07-14T18:06:15,987.0737,22.82,28.89583,1530,24.72951,2641494,987.0737313798202
2026-07-14T18:06:15,986.934,22.79,28.875,1534,24.74226,2661506,986.933990541306
2026-07-14T18:06:15,986.727,22.76,28.85417,1534,24.74226,2681518,986.726987651702
2026-07-14T18:06:15,986.701,22.74667,28.8125,1535,24.74545,2701530,986.7009853499194
2026-07-14T18:06:15,986.8527,22.73667,28.77083,1537,24.75182,2721542,986.8527189831632
2026-07-14T18:06:15,986.8053,22.72666,28.75,1529,24.72632,2741554,986.8053291555387
2026-07-14T18:06:15,986.8043,22.71333,28.70833,1520,24.69763,2761566,986.8043147496869
2026-07-14T18:06:15,986.6215,22.68,28.66667,1511,24.66895,2781578,986.6215156564829
2026-07-14T18:06:15,986.7459,22.67,28.64583,1508,24.65938,2801590,986.7458892481438
2026-07-14T18:06:15,986.8278,22.66,28.60417,1506,24.65301,2821602,986.8277556152468
2026-07-14T18:06:15,986.5913,22.64,28.58333,1503,24.64344,2841614,986.5912985087308
2026-07-14T18:06:15,986.5626,22.61333,28.54167,1496,24.62113,2861626,986.5626481874087
2026-07-14T18:06:15,986.457,22.59,28.5,1494,24.61475,2881638,986.456982643427
2026-07-14T18:06:15,986.6258,22.57,28.47917,1492,24.60838,2901650,986.6258440545528
2026-07-14T18:06:15,986.4148,22.55667,28.4375,1490,24.602,2921662,986.4147564242629
2026-07-14T18:06:15,986.3758,22.54667,28.41667,1492,24.60838,2941674,986.3758024890034
2026-07-14T18:06:15,986.6121,22.54,28.375,1490,24.602,2961686,986.6121318491803
2026-07-14T18:06:15,986.6006,22.53,28.33333,1486,24.58925,2981698,986.6006157156401
2026-07-14T18:16:16,986.4388,22.51,28.3125,1484,24.58288,3001724,986.4388303358782
2026-07-14T18:16:16,986.5923,22.49,28.27083,1480,24.57013,3021736,986.5923170755758
2026-07-14T18:16:16,986.5283,22.48,28.25,1480,24.57013,3041748,986.5282559661515
2026-07-14T18:16:16,986.322,22.47333,28.25,1474,24.551,3061760,986.3220303263869
2026-07-14T18:16:16,986.3516,22.45,28.20833,1466,24.5255,3081772,986.3516019965234
2026-07-14T18:16:16,986.3363,22.44,28.1875,1458,24.5,3101784,986.336330843818
2026-07-14T18:16:16,986.5306,22.41334,28.14583,1454,24.48725,3121796,986.5306472951628
2026-07-14T18:16:16,986.3944,22.39,28.10417,1453,24.48406,3141809,986.3944054794307
2026-07-14T18:16:16,986.2788,22.38,28.0625,1448,24.46812,3161822,986.2787843463001
2026-07-14T18:16:16,986.3958,22.36,28.0625,1444,24.45537,3181834,986.3957915449063
2026-07-14T18:16:16,986.3627,22.34667,28.02083,1439,24.43943,3201847,986.3627252869667
2026-07-14T18:16:16,986.3248,22.33666,28.0,1437,24.43306,3221860,986.3248345629942
2026-07-14T18:16:16,986.1977,22.32667,27.95833,1434,24.42349,3241873,986.1976556720363
2026-07-14T18:16:16,986.1328,22.32,27.9375,1431,24.41393,3261886,986.1328491029874
2026-07-14T18:16:16,986.0499,22.29,27.89583,1429,24.40756,3281899,986.0498819864182
2026-07-14T18:16:16,986.2611,22.27667,27.875,1430,24.41074,3301912,986.2611118831676
2026-07-14T18:16:16,986.2323,22.27334,27.85417,1429,24.40756,3321925,986.2323411049214
2026-07-14T18:16:16,986.2131,22.26667,27.83333,1424,24.39162,3341938,986.21306214948
2026-07-14T18:16:16,986.1062,22.25333,27.79167,1419,24.37568,3361951,986.1062215117951
2026-07-14T18:16:16,986.074,22.23,27.77083,1414,24.35974,3381964,986.0740112669713
2026-07-14T18:16:16,986.1398,22.22,27.75,1414,24.35974,3401977,986.1398086945563
2026-07-14T18:16:16,986.099,22.2,27.70833,1412,24.35336,3421990,986.0990463782811
2026-07-14T18:16:16,985.9972,22.19,27.6875,1409,24.3438,3442003,985.9971528983369
2026-07-14T18:16:16,986.0062,22.17,27.6875,1406,24.33424,3462016,986.0061905677344
2026-07-14T18:16:16,985.9521,22.15333,27.66667,1404,24.32786,3482029,985.9520880608488
2026-07-14T18:16:16,985.9703,22.13667,27.625,1399,24.31193,3502042,985.9702945276506
2026-07-14T18:16:16,986.2089,22.12667,27.60417,1394,24.29599,3522055,986.2089346198615
2026-07-14T18:16:16,986.0667,22.1,27.58333,1389,24.28005,3542068,986.0667167029209
2026-07-14T18:16:16,986.2417,22.09333,27.54167,1384,24.26411,3562081,986.2416936812882
2026-07-14T18:16:16,986.0241,22.06667,27.5,1382,24.25774,3582094,986.0240863581959
2026-07-14T18:26:16,985.8935,22.05,27.47917,1383,24.26092,3602122,985.8934903819965
2026-07-14T18:26:16,986.0243,22.03333,27.4375,1383,24.26092,3622135,986.0242838275656
2026-07-14T18:26:16,986.0596,22.03,27.4375,1383,24.26092,3642148,986.0595902482025
2026-07-14T18:26:16,986.1551,22.01,27.41667,1378,24.24499,3662161,986.1551361781916
2026-07-14T18:26:16,985.8451,21.99333,27.375,1369,24.2163,3682174,985.8451048969483
2026-07-14T18:26:16,986.0188,21.98333,27.35417,1366,24.20673,3702187,986.0188496790774
2026-07-14T18:26:16,985.847,21.98,27.3125,1367,24.20992,3722200,985.8470480179686
2026-07-14T18:26:16,986.1045,21.97666,27.3125,1368,24.21311,3742213,986.1044629899519
2026-07-14T18:26:16,986.3308,21.97666,27.29167,1368,24.21311,3762226,986.3307638679909
2026-07-14T18:26:16,986.1532,21.97333,27.25,1363,24.19717,3782239,986.1531996703666
2026-07-14T18:26:16,986.1123,21.96333,27.22917,1358,24.18123,3802252,986.112332987146
2026-07-14T18:26:16,986.0921,21.94333,27.20833,1355,24.17167,3822265,986.0920648798916
2026-07-14T18:26:16,986.0898,21.92,27.1875,1354,24.16848,3842278,986.0897506472445
2026-07-14T18:26:16,986.0889,21.91667,27.16667,1353,24.16529,3862291,986.0888739100759
2026-07-14T18:26:16,985.9374,21.9,27.125,1350,24.15573,3882304,985.9373920022095
2026-07-14T18:26:16,986.0677,21.89,27.125,1348,24.14935,3902317,986.0677426960982
2026-07-14T18:26:16,985.956,21.87667,27.08333,1346,24.14298,3922330,985.9559939668816
2026-07-14T18:26:16,986.2578,21.86333,27.04167,1340,24.12385,3942343,986.2577861500624
2026-07-14T18:26:16,986.0583,21.84667,27.04167,1337,24.11429,3962356,986.058252581229
2026-07-14T18:26:16,985.8122,21.84,27.0,1335,24.10792,3982369,985.8122226926228
2026-07-14T18:26:16,986.0078,21.83,26.97917,1329,24.08879,4002382,986.0077540212465
2026-07-14T18:26:16,985.9662,21.81667,26.95833,1326,24.07923,4022395,985.9662405998923
2026-07-14T18:26:16,985.8155,21.79,26.9375,1326,24.07923,4042408,985.8155180294661
2026-07-14T18:26:16,985.7526,21.77334,26.89583,1324,24.07285,4062421,985.7525995752487
2026-07-14T18:26:16,985.8319,21.75667,26.89583,1320,24.0601,4082434,985.8319204879018
2026-07-14T18:26:16,986.1048,21.74667,26.85417,1319,24.05691,4102447,986.1047847667719
2026-07-14T18:26:16,985.7574,21.73667,26.8125,1321,24.06329,4122460,985.757419772484
2026-07-14T18:26:16,985.8857,21.73333,26.8125,1317,24.05054,4142473,985.8857230942049
2026-07-14T18:26:16,985.8409,21.71333,26.79167,1311,24.03141,4162486,985.8408983676436
2026-07-14T18:26:16,985.949,21.70667,26.77083,1303,24.00591,4182499,985.9489524614527
2026-07-14T18:36:16,985.9991,21.7,26.75,1301,23.99953,4202547,985.9991166810478
2026-07-14T18:36:16,985.8366,21.68667,26.72917,1298,23.98997,4222560,985.8366111628524
2026-07-14T18:36:16,986.047,21.67667,26.6875,1295,23.98041,4242573,986.0469578783482
2026-07-14T18:36:16,985.9956,21.66,26.6875,1293,23.97403,4262586,985.9956000483577
2026-07-14T18:36:16,985.8868,21.65,26.66667,1288,23.9581,4282599,985.8867885936696
2026-07-14T18:36:16,985.7295,21.63,26.64583,1284,23.94534,4302612,985.72948962222
2026-07-14T18:36:16,985.9033,21.61,26.60417,1281,23.93578,4322625,985.9032619812813
2026-07-14T18:36:16,985.7958,21.59667,26.58333,1283,23.94216,4342638,985.7957977542382
2026-07-14T18:36:16,986.0442,21.58667,26.5625,1281,23.93578,4362651,986.044156909217
2026-07-14T18:36:16,985.7767,21.58,26.5625,1282,23.93897,4382664,985.776746613088
2026-07-14T18:36:16,985.8989,21.57667,26.54167,1281,23.93578,4402677,985.8988602631798
2026-07-14T18:36:16,985.7203,21.56333,26.52083,1282,23.93897,4422690,985.7203383118579
2026-07-14T18:36:16,985.9428,21.56,26.47917,1281,23.93578,4442703,985.9428194524226
2026-07-14T18:36:16,985.8052,21.55667,26.47917,1280,23.93259,4462716,985.8052149739873
2026-07-14T18:36:16,985.8868,21.54,26.4375,1277,23.92303,4482729,985.8867562354793
2026-07-14T18:36:16,986.161,21.52334,26.4375,1274,23.91347,4502742,986.1610312028715
2026-07-14T18:36:16,986.007,21.51667,26.39583,1272,23.90709,4522755,986.0069528154074
2026-07-14T18:36:16,985.9856,21.51,26.375,1268,23.89434,4542768,985.9855622721899
2026-07-14T18:36:16,985.9427,21.5,26.35417,1268,23.89434,4562781,985.9426706285011
2026-07-14T18:36:16,985.8094,21.49,26.35417,1270,23.90072,4582794,985.8093564188993
2026-07-14T18:36:16,986.1387,21.48,26.3125,1271,23.9039,4602807,986.1386931771937
2026-07-14T18:36:16,986.277,21.48,26.3125,1272,23.90709,4622820,986.2770070694863
