true_time,timestamp,uptime_ms,pressure_hPa,pressure_hPa_filtered,ds18b20_tempC,ds18b20_tempC_corrected,ds18b20_tempC_filtered,thermistor_mV,thermistor_tempC_calc,thermistor_tempC_filtered,lps33hw_tempC,avg_temp_filtered,temp_norm,pressure_norm,fermentation_activity_index,pressure_adjusted_thermistor,pressure_adjusted_ds18b20
2026-07-14 17:19:33.800,2026-07-14 17:26:14,180101,989.5445,989.5445,35.41667,36.033170180000006,36.033170180000006,2083,26.416318999999998,26.416318999999998,23.86,31.22474459,2.1033815473016606,-0.9448565218286981,0.5792625127364812,984.080063393502,968.8008948659657
2026-07-14 17:19:53.810,2026-07-14 17:26:14,200111,989.9779,989.9774573428323,35.375,35.989250000000006,35.9892647242755,2089,26.436076999999997,26.436076346927234,24.08667,31.21267053560137,2.097138282097906,-0.7602440617712237,0.6684471101633411,984.4457025606278,969.3624302158835
2026-07-14 17:20:13.820,2026-07-14 17:26:14,220121,990.6183,990.6040076348135,35.29167,35.90142018000001,35.90435699609424,2087,26.429491,26.43117912714256,24.26333,31.167768061618403,2.073920061927213,-0.49308381453833716,0.7904181236944379,985.0848546489061,970.2424187232024
2026-07-14 17:20:33.830,2026-07-14 17:26:14,240131,991.1193,991.1361045445257,35.22917,35.835545180000004,35.833485517697426,2101,26.475592999999996,26.46748628355371,24.40333,31.15048590062557,2.064983783291224,-0.266198369315626,0.899392706987799,985.4945518900511,970.9862423713859
2026-07-14 17:20:53.840,2026-07-14 17:26:14,260141,991.4689,991.5422862137807,35.14583,35.747704819999996,35.75120883155263,2106,26.492058,26.492034896272163,24.51333,31.121621863912395,2.050058735738707,-0.09300302240019959,0.9785278566692536,985.8176503981672,971.6428971836481
2026-07-14 17:21:13.850,2026-07-14 17:26:14,280151,991.7444,991.8663594169385,35.08333,35.68182982,35.678590684849844,2112,26.511816,26.512923642891458,24.60667,31.09575716387065,2.0366845884601856,0.04518137905211835,1.040932983756152,986.0711112537065,972.1890139082404
2026-07-14 17:21:33.860,2026-07-14 17:26:14,300161,991.9323,992.1135352979474,35.02083,35.61595482,35.610496833777795,2104,26.485471999999998,26.497038433671865,24.66,31.05376763372483,2.0149725964626075,0.15057686018982905,1.0827747283262183,986.3691306257703,972.6457455404244
2026-07-14 17:21:53.870,2026-07-14 17:26:14,320171,992.06,992.2975429839215,34.9375,35.528125,35.53229215784319,2104,26.485471999999998,26.48715758686889,24.71,31.00972487235604,1.992198917427152,0.22903750334453124,1.1106182103858415,986.584605475078,973.0726080852751
2026-07-14 17:22:13.880,2026-07-14 17:26:14,340181,992.2947,992.4935566882081,34.875,35.462250000000004,35.460118744119555,2104,26.485471999999998,26.48394607731232,24.73,30.97203241071594,1.972708858294392,0.3126174974303053,1.1426631778623486,986.7900670840537,973.4924377384013
2026-07-14 17:22:33.890,2026-07-14 17:26:14,360191,992.1451,992.5484952430884,34.8125,35.396375,35.39196732052693,2109,26.501936999999998,26.496614881127346,24.75333,30.944291100827137,1.958364351551489,0.3360432273234861,1.1472037894374876,986.8029669741098,973.7613635424358
2026-07-14 17:22:53.900,2026-07-14 17:26:14,380201,992.2102,992.5921438190278,34.75,35.3305,35.32610202692183,2092,26.445956,26.459547959488745,24.76,30.892824993205288,1.9317522005473817,0.354654924562449,1.1432035625549153,986.9684529735981,974.0121109470407
2026-07-14 17:23:13.910,2026-07-14 17:26:14,400211,992.1435,992.5834626988164,34.66667,35.242670180000005,35.248899863156474,2078,26.399853999999998,26.408323548337112,24.76,30.828611705746795,1.8985487239046266,0.35095330595081453,1.1247510149277207,987.1285909622211,974.2474167524387
2026-07-14 17:23:33.920,2026-07-14 17:26:14,420221,992.5284,992.6859781157855,34.58333,35.154829819999996,35.164298006369336,2089,26.436076999999997,26.419553233428147,24.75667,30.79192561989874,1.879579042662916,0.39466574929837983,1.137122395980648,987.1935355996183,974.6154008050019
2026-07-14 17:23:53.930,2026-07-14 17:26:14,440231,992.3643,992.6973818329478,34.5,35.067,35.07572117489311,2086,26.426198,26.423418554899552,24.75,30.74956986489633,1.8576776827174704,0.3995282797854927,1.1286029812514815,987.1921385615227,974.9066817202792
2026-07-14 17:24:13.940,2026-07-14 17:26:14,460241,992.4791,992.7259517469942,34.4375,35.001125,34.99790431329773,2072,26.380095999999998,26.390500587899464,24.74333,30.694202450598596,1.8290482398067196,0.4117104547804235,1.1203793472935715,987.3290405168748,975.1809407446908
2026-07-14 17:24:33.950,2026-07-14 17:26:14,480251,992.651,992.7866518984399,34.39583,34.95720482,34.93986134375298,2092,26.445956,26.427682774854755,24.76667,30.68377205930387,1.8236548817115887,0.43759292211763384,1.1306239019146114,987.2668604988828,975.4242997578642
2026-07-14 17:24:53.960,2026-07-14 17:26:14,500261,992.9745,992.9199345864903,34.3125,34.869375000000005,34.86904921723038,2066,26.360338,26.380559883572435,24.78333,30.624804550401407,1.7931638979601348,0.49442449070378464,1.1437941943319596,987.5547422741533,975.7795270819903
2026-07-14 17:25:13.970,2026-07-14 17:26:14,520271,992.8137,992.9679429885347,34.25,34.8035,34.80108445562681,2053,26.317529,26.325970876003556,24.81,30.56352766581518,1.7614787797139344,0.5148952122461504,1.1381869959800424,987.7825131872444,976.0420715516035
2026-07-14 17:25:33.980,2026-07-14 17:26:14,540281,993.0911,993.0765114259525,34.16667,34.715670180000004,34.72251405902706,2053,26.317529,26.308688669750502,24.82667,30.515601364388782,1.7366969955541742,0.5611886558107846,1.1489428256824794,987.9475272944594,976.3979067510642
2026-07-14 17:25:53.990,2026-07-14 17:26:14,560291,992.8863,993.0925850127182,34.10417,34.649795180000005,34.649511057082485,2060,26.34058,26.32700056817083,24.83667,30.488255812626658,1.7225571278546135,0.5680424127545033,1.1452997703045584,987.9031075915572,976.6452933767528
2026-07-14 17:26:14.000,2026-07-14 17:26:14,580301,993.0855,993.15240558796,34.02083,34.56195482,34.5682394740477,2066,26.360338,26.353651848692685,24.83666,30.460945661370193,1.70843556508709,0.5935498299175404,1.150992697502315,987.8747018880181,976.9620809252466
2026-07-14 17:26:33.690,2026-07-14 17:36:14,600310,993.1267,993.2023964395664,33.95833,34.49607982,34.494706386791925,2066,26.360338,26.363432460835377,24.82,30.42906942381365,1.691952965440534,0.6148658654305701,1.153409415435552,987.8921664081339,977.2447815810625
2026-07-14 17:26:53.700,2026-07-14 17:36:14,620320,992.9439,993.1803536262801,33.89583,34.43020482,34.425242112059955,2060,26.34058,26.349035685893877,24.79,30.387138898976914,1.670271483972466,0.6054668378941346,1.1378691609333003,987.9177278968905,977.4437936979901
2026-07-14 17:27:13.710,2026-07-14 17:36:14,640330,992.787,993.1059039721821,33.8125,34.342375000000004,34.346611701669076,2055,26.324115,26.32854408720716,24.77,30.33757789443812,1.644644425746253,0.57372160012188,1.1091830129340665,987.911265209089,977.6204485226514
2026-07-14 17:27:33.720,2026-07-14 17:36:14,660340,992.7862,993.0366020452755,33.72917,34.25454518000001,34.26184767558766,2063,26.350458999999997,26.341555638227057,24.75,30.30170165690736,1.6260935017548197,0.5441713466736737,1.0851324242142466,987.7994085068615,977.821772009374
2026-07-14 17:27:53.730,2026-07-14 17:36:14,680350,992.7647,992.9683859537959,33.6875,34.210625,34.19835000549378,2065,26.357045,26.354388895278017,24.71,30.2763694503859,1.6129946968059472,0.5150840920698592,1.0640393944379032,987.6892295532131,977.9566036051784
2026-07-14 17:28:13.740,2026-07-14 17:36:14,700360,992.6754,992.8832575619023,33.60417,34.122795180000004,34.123991621318645,2065,26.357045,26.35880944445703,24.68,30.241400532887837,1.594912930845594,0.47878545408995216,1.0368491924677732,987.5899773689091,978.1094012842092
2026-07-14 17:28:33.750,2026-07-14 17:36:14,720370,992.5932,992.7881377625953,33.54167,34.056920180000006,34.05412448869307,2065,26.357045,26.358905171607,24.65,30.206514830150034,1.5768741936641426,0.43822649270276265,1.0075503431834527,987.4950490572362,978.2381259942653
2026-07-14 17:28:53.760,2026-07-14 17:36:14,740380,992.4463,992.6674578336487,33.45833,33.96907982,33.97480132430524,2048,26.301063999999997,26.315068289631345,24.61667,30.144934806968294,1.5450323281826894,0.38676872456178596,0.9659005263722377,987.5195484003954,978.37184006767
2026-07-14 17:29:13.770,2026-07-14 17:36:14,760390,992.1921,992.4955739359323,33.375,33.88125,33.889393661177294,2044,26.287892,26.28725542330023,24.6,30.088324542238762,1.5157602308165146,0.3134776492930172,0.9146189400547658,987.4402645547084,978.4745333462305
2026-07-14 17:29:33.781,2026-07-14 17:36:14,780401,992.268,992.3814408167552,33.3125,33.815375,33.81309497700311,2030,26.241789999999998,26.245775741170405,24.58,30.029435359086758,1.4853097478294472,0.26481143250715894,0.8750605901683031,987.4635016075034,978.6051940539919
2026-07-14 17:29:53.791,2026-07-14 17:36:14,800411,992.1201,992.2513596488958,33.25,33.749500000000005,33.743173282775146,2022,26.215446,26.213764270906733,24.55,29.97846877684094,1.4589558919510375,0.20934498805657992,0.8341504400038087,987.4396423725303,978.6998521565354
2026-07-14 17:30:13.802,2026-07-14 17:36:14,820422,992.0747,992.1395752446451,33.1875,33.683625,33.67696786185487,2026,26.228617999999997,26.217248877917044,24.52,29.947108369885957,1.4427400185539592,0.16168026032665123,0.8022101394403052,987.3169076325746,978.800749062844
2026-07-14 17:30:33.813,2026-07-14 17:36:14,840433,992.1486,992.0795552247129,33.125,33.61775,33.61246855994231,2014,26.189102,26.19385947395841,24.5,29.903164016950356,1.42001722465836,0.1360878002013449,0.7780525124298524,987.3343192678506,978.9473243440721
2026-07-14 17:30:53.824,2026-07-14 17:36:14,860444,991.8685,991.9577723145136,33.04167,33.529920180000005,33.53607148588322,2011,26.179223,26.17828230934448,24.49,29.857176897613847,1.3962381548864788,0.08415972225775427,0.7401989385721166,987.2644938290971,979.0709843497563
2026-07-14 17:31:13.835,2026-07-14 17:36:14,880455,992.0802,991.9303791744986,32.97917,33.46404518000001,33.464179384847576,2024,26.222032,26.207917555050894,24.47,29.836048469949233,1.385313044489139,0.0724793222123849,0.728896183350762,987.1394977275166,979.2735043917671
2026-07-14 17:31:33.846,2026-07-14 17:36:14,900466,991.7527,991.8216701511919,32.91667,33.39817018000001,33.39563626782897,2020,26.208859999999998,26.212288968403158,24.44333,29.803962618116064,1.3687220572640388,0.026125933003633518,0.6974239951338361,987.0169007091281,979.3851224804359
2026-07-14 17:31:53.857,2026-07-14 17:36:14,920477,991.8955,991.7840637067109,32.83333,33.31032982,33.31683318052566,2020,26.208859999999998,26.211486522912715,24.42,29.76415985171919,1.348140799448358,0.01009059293006353,0.6791156961892107,986.9821220665227,979.5998113948217
2026-07-14 17:32:13.868,2026-07-14 17:36:14,940488,991.5837,991.6708336094694,32.77083,33.24445482,33.243806055847074,2015,26.192394999999998,26.197290989952695,24.4,29.720548522899882,1.3255902060256597,-0.03819057645155589,0.6436998147870518,986.9162391436747,979.7214274297177
2026-07-14 17:32:33.879,2026-07-14 17:36:14,960499,991.8228,991.6577044841227,32.70833,33.178579819999996,33.17494425968332,2001,26.146293,26.1560542550061,24.38,29.665499257344713,1.297125271813354,-0.043788818792901654,0.6266682265102261,987.039143034338,979.9286948042545
2026-07-14 17:32:53.890,2026-07-14 17:36:14,980510,991.6125,991.5946300904225,32.66667,33.13467018000001,33.12092776560956,2001,26.146293,26.141197205723742,24.35667,29.63106248566665,1.2793186683934066,-0.07068366000628107,0.6043175041935628,987.0253566833929,980.0391838354005
2026-07-14 17:33:13.901,2026-07-14 17:36:14,1000521,991.5731,991.5395204719345,32.5625,33.024875,33.03872073706157,1990,26.11007,26.11269242254685,24.34,29.57570657980421,1.2506951762769158,-0.09418233120410935,0.5782564225364033,987.0645099892104,980.247827467312
2026-07-14 17:33:33.912,2026-07-14 17:36:14,1020532,991.5262,991.4886023630161,32.52083,32.98095482,32.974855965875804,1981,26.080433,26.08192388701962,24.30667,29.528389926447712,1.2262286296053833,-0.11589374805502431,0.5551674407751794,987.1153114225511,980.4019812300307
2026-07-14 17:33:53.923,2026-07-14 17:36:14,1040543,991.6684,991.4970078387178,32.4375,32.893125000000005,32.898923686825434,1973,26.054088999999998,26.053749551992187,24.28,29.476336619408812,1.1993128488869227,-0.11230966391155738,0.5435015924876827,987.2166317106037,980.6535374478332
2026-07-14 17:34:13.934,2026-07-14 17:36:14,1060554,991.1582,991.360322502576,32.39583,32.84920482,32.839647278701925,1957,26.001400999999998,26.006983749922945,24.25333,29.423315514312435,1.1718966380944356,-0.1705921173141158,0.5006522603901599,987.2348421071263,980.708293280096
2026-07-14 17:34:33.945,2026-07-14 17:36:14,1080565,991.5621,991.3736522893784,32.3125,32.761375,32.766516179348244,1957,26.001400999999998,25.993057215982258,24.23333,29.379786697665253,1.1493887101556002,-0.1649083131833622,0.492240198486119,987.2940775243543,980.9559269399261
2026-07-14 17:34:53.956,2026-07-14 17:36:14,1100576,991.4637,991.3636336364616,32.3125,32.761375,32.733286525095224,1961,26.014573,26.00432634054139,24.21,29.368806432818307,1.1437110228449716,-0.16918025403860865,0.48726538440318146,987.2469091692943,981.0525787120582
2026-07-14 17:35:13.967,2026-07-14 17:36:14,1120587,991.563,991.3913093401578,32.25,32.6955,32.68813636402316,1954,25.991521999999996,25.994770962084036,24.19,29.3414536630536,1.1295674228527708,-0.1573793691991074,0.48609402682683167,987.3060057857577,981.2248010802581
2026-07-14 17:35:33.978,2026-07-14 17:36:14,1140598,991.0865,991.2781957043287,32.1875,32.629625000000004,32.633027509976415,1951,25.981643,25.983237345484593,24.15,29.308132427730506,1.1123376421866862,-0.20561087958267182,0.45336338130200715,987.231421270432,981.2896656014887
2026-07-14 17:35:53.989,2026-07-14 17:36:14,1160609,991.0204,991.1690386724689,32.125,32.56375,32.571094469980125,1943,25.955298999999997,25.95951296606634,24.11667,29.265303718023233,1.0901917263071423,-0.2521552990683957,0.4190182136193733,987.2010051746208,981.3803764461283
2026-07-14 17:36:14.000,2026-07-14 17:36:14,1180620,990.9249,991.0561783350481,32.0625,32.497875,32.50526984618586,1952,25.984935999999998,25.974407686444383,24.09,29.239838766315124,1.0770242813325235,-0.3002788033329657,0.38837273899977887,987.0394451765113,981.4799525578572
2026-07-14 17:36:33.681,2026-07-14 17:46:14,1200640,990.8875,990.9597805468221,32.0,32.432,32.43820956845902,1943,25.955298999999997,25.96088809364755,24.06667,29.199548831053285,1.0561911177093513,-0.34138269756901735,0.357404210070167,986.9880472064687,981.5998476652599
2026-07-14 17:36:53.692,2026-07-14 17:46:14,1220651,990.6733,990.8239203306354,31.9375,32.366125000000004,32.3699460532361,1939,25.942127,25.944651325529076,24.04,29.157298689382586,1.0343443684205385,-0.3993133208726896,0.31751552377392445,986.9063041831549,981.684563312426
2026-07-14 17:37:13.703,2026-07-14 17:46:14,1240662,990.8446,990.7712184234192,31.875,32.300250000000005,32.30214646236336,1919,25.876267,25.889077898085503,24.03667,29.095612180224432,1.0024474410543793,-0.42178534704793774,0.29033104700322077,987.0372075832296,981.850235246758
2026-07-14 17:37:33.714,2026-07-14 17:46:14,1260673,990.9399,990.7662556009412,31.83333,32.256329820000005,32.24731877374318,1905,25.830164999999997,25.833930934773466,24.03,29.040624854258326,0.9740145346322727,-0.4239014882374935,0.2750565231973896,987.2143195097203,982.0215868608753
2026-07-14 17:37:53.725,2026-07-14 17:46:14,1280684,990.7266,990.7085547365107,31.79167,32.21242018,32.200681798004325,1880,25.747839999999997,25.755965751277113,24.03333,28.97832377464072,0.9417998245033342,-0.44850506340793217,0.24664738054770102,987.4143107073971,982.1143731597125
2026-07-14 17:38:13.736,2026-07-14 17:46:14,1300695,990.6985,990.6605832333065,31.72917,32.146545180000004,32.14592231842938,1872,25.721496,25.713203356741534,24.02,28.929562837585458,0.9165864660432209,-0.4689600513317802,0.22381320735572036,987.5077745750992,982.2429664596369
2026-07-14 17:38:33.747,2026-07-14 17:46:14,1320706,990.5702,990.5907450873352,31.6875,32.102625,32.09739300100269,1870,25.71491,25.702561095853262,24.01,28.899977048427978,0.9012882139504148,-0.49873894790683215,0.20127463302179133,987.4733217644847,982.3298712020284
2026-07-14 17:38:53.758,2026-07-14 17:46:14,1340717,990.8653,990.6281922230872,31.625,32.036750000000005,32.04031635004445,1854,25.662222,25.666297833753724,24.0,28.853307091899087,0.87715606197911,-0.4827715368726144,0.1971922625532478,987.6304917637201,982.5507281956125
2026-07-14 17:39:13.769,2026-07-14 17:46:14,1360728,990.7919,990.6451068084423,31.5625,31.970875,31.97748336593246,1846,25.635877999999998,25.63545980910776,23.98667,28.80647158752011,0.8529383083451105,-0.475559179200567,0.18868956457227176,987.7492914953591,982.7698388096844
2026-07-14 17:39:33.780,2026-07-14 17:46:14,1380739,990.6436,990.620622694573,31.52083,31.92695482,31.923763755141678,1843,25.625999,25.620894674254018,23.97333,28.772329214697848,0.8352839330062833,-0.4859991741990948,0.17464237940359428,987.7730307180067,982.9185983312569
2026-07-14 17:39:53.791,2026-07-14 17:46:14,1400750,990.5855,990.5873548265894,31.47917,31.883045180000003,31.876282974180523,1844,25.629292,25.62272366459121,23.98,28.749503319385866,0.8234810941883632,-0.5001845507748479,0.16164827170675766,987.733811855167,983.0385863459389
2026-07-14 17:40:13.802,2026-07-14 17:46:14,1420761,990.6316,990.5775623500215,31.4375,31.839125000000003,31.832346589967432,1838,25.609533999999996,25.611519934152707,23.96,28.72193326206007,0.8092251389073286,-0.5043600503227434,0.15243254429229258,987.7610878125621,983.1704856538472
2026-07-14 17:40:33.813,2026-07-14 17:46:14,1440772,990.7416,990.6061704610321,31.375,31.773250000000004,31.777636106268485,1833,25.593069,25.59522947108567,23.94333,28.686432788677077,0.7908685154508384,-0.4921615881908469,0.14935346362999574,987.8434783728991,983.3752865738581
2026-07-14 17:40:53.824,2026-07-14 17:46:14,1460783,990.6215,990.5976811549025,31.3125,31.707375,31.715653027701055,1822,25.556846,25.562524242741656,23.92667,28.639088635221356,0.7663877489980354,-0.4957814175221033,0.13530316573796605,987.943168132851,983.5667902692081
2026-07-14 17:41:13.835,2026-07-14 17:46:14,1480794,990.6288,990.5951250675996,31.29167,31.68542018,31.674261984680278,1809,25.514037,25.519057412823976,23.90333,28.596659698752127,0.7444485482999931,-0.49687132989550026,0.12378860920224641,988.084398927847,983.6978071468122
2026-07-14 17:41:33.846,2026-07-14 17:46:14,1500805,990.5938,990.5846906263391,31.25,31.6415,31.633998954695073,1804,25.497571999999998,25.493594351274293,23.88667,28.563796652984685,0.7274556887885659,-0.5013205623714341,0.11306756320856592,988.1582364665525,983.8173939031911
2026-07-14 17:41:53.857,2026-07-14 17:46:14,1520816,990.6727,990.6012658985622,31.1875,31.575625000000002,31.581063651084445,1798,25.477814,25.474618669461922,23.86,28.527841160273184,0.7088637834419229,-0.4942528873870696,0.10730544802742667,988.2375633147645,984.0047592377582
2026-07-14 17:42:13.868,2026-07-14 17:46:14,1540827,990.6169,990.600073488859,31.125,31.509750000000004,31.519618279239594,1787,25.441591,25.444137055030605,23.84333,28.4818776671351,0.6850969303304665,-0.4947613293672091,0.09516780048162868,988.3372566424098,984.2020273279194
2026-07-14 17:42:33.879,2026-07-14 17:46:14,1560838,989.2363,990.1900445101463,31.0625,31.443875000000006,31.453430969860058,1784,25.431711999999997,25.428076624456505,23.80667,28.44075379715828,0.6638325548362556,-0.6695971641397969,-0.0028823046517706397,987.9813046658463,984.0084154623772
2026-07-14 17:42:53.890,2026-07-14 17:46:14,1580849,990.4173,990.2027965380234,31.04167,31.42192018,31.409905211996406,1777,25.408661,25.408599121532983,23.76333,28.409252166764695,0.6475436574696755,-0.664159715679592,-0.008308029104958259,988.0584834566573,984.1617178945581
2026-07-14 17:43:13.901,2026-07-14 17:46:14,1600860,990.1987,990.1580299387516,31.0,31.378,31.36890216576641,1772,25.392196,25.391461512517786,23.73,28.380181839142097,0.632511940788948,-0.6832481366448467,-0.025368097927949362,988.0705301923724,984.2497344237831
2026-07-14 17:43:33.912,2026-07-14 17:46:14,1620871,990.2015,990.1295149707931,30.9375,31.312125,31.31600720264696,1770,25.38561,25.382795385550793,23.71667,28.349401294098875,0.6165959030209939,-0.6954068826978325,-0.039405489838419294,988.0707572755359,984.3923786578356
2026-07-14 17:43:53.923,2026-07-14 17:46:14,1640882,990.2237,990.119821606908,30.89583,31.26820482,31.26726642096851,1759,25.349387,25.354525626321326,23.7,28.31089602364492,0.5966855558211664,-0.6995401207239288,-0.05142728245138117,988.154658021553,984.5403527052597
2026-07-14 17:44:13.934,2026-07-14 17:46:14,1660893,990.1854,990.1070544319404,30.83333,31.202329820000003,31.20911615840264,1745,25.303285,25.309863302625654,23.68,28.259489730514147,0.5701043337592765,-0.704984027884246,-0.06743984706248474,988.2897843575846,984.7157594203654
2026-07-14 17:44:33.945,2026-07-14 17:46:14,1680904,990.1324,990.0864272180223,30.8125,31.180375000000005,31.16974585238698,1741,25.290112999999998,25.28581224022463,23.66,28.227779046305805,0.5537073386183868,-0.713779445651337,-0.08003605351647508,988.3488400162037,984.8226360388231
2026-07-14 17:44:53.956,2026-07-14 17:46:14,1700915,990.2553,990.1108311310019,30.75,31.1145,31.117916320404717,1730,25.25389,25.254730665232337,23.65667,28.186323492818527,0.5322714558532027,-0.7033736482101596,-0.08555109617847845,988.476149186321,985.0146707632169
2026-07-14 17:45:13.967,2026-07-14 17:46:14,1720926,989.9665,990.0497479215106,30.70833,31.07057982,31.069748955475404,1731,25.257182999999998,25.24952496840067,23.64,28.159636961938038,0.5184723553891554,-0.7294194510105343,-0.10547354781068946,988.432410116289,985.1098505201329
2026-07-14 17:45:33.978,2026-07-14 17:46:14,1740937,989.9744,990.0048083995363,30.6875,31.048625,31.03649421883217,1730,25.25389,25.249862695325426,23.63,28.143178457078797,0.5099619737641419,-0.7485816059961033,-0.11930981611598074,988.3864253569134,985.1728260086064
2026-07-14 17:45:53.989,2026-07-14 17:46:14,1760948,990.1574,990.025985012846,30.60417,30.960795180000005,30.975356876593995,1724,25.234132,25.236956327190704,23.59667,28.10615660189235,0.4908186725470973,-0.7395519250274742,-0.12436662624018846,988.4503197302861,985.3919496243872
2026-07-14 17:46:14.000,2026-07-14 17:46:14,1780959,989.8778,989.9646842004079,30.5625,30.916875000000005,30.92056400863192,1726,25.240717999999998,25.237472721067853,23.56,28.079018364849887,0.47678600336865856,-0.7656905134475213,-0.14445225503943135,988.3874059593345,985.508490279807
2026-07-14 17:46:34.652,2026-07-14 17:56:15,1800982,989.949,989.9375430545615,30.54167,30.89492018,30.88282211846741,1725,25.237424999999998,25.236801728579593,23.54,28.0598119235235,0.466854715761194,-0.777263463500058,-0.15520437386943203,988.3625306158219,985.603806563269
2026-07-14 17:46:54.664,2026-07-14 17:56:15,1820994,989.9758,989.927801545222,30.5,30.851,30.845032370429944,1720,25.220959999999998,25.224353432765138,23.52,28.03469290159754,0.45386614453523744,-0.7814172306866226,-0.1637755430756926,988.3940390746186,985.7166273108128
2026-07-14 17:47:14.676,2026-07-14 17:56:15,1841006,989.8354,989.8815865184491,30.4375,30.785125,30.79278589547826,1709,25.184737,25.191886880132184,23.51,27.992336387805224,0.4319643922338808,-0.8011232592952334,-0.18457943353067632,988.4554509446492,985.840041478208
2026-07-14 17:47:34.688,2026-07-14 17:56:15,1861018,989.982,989.8904026150552,30.41667,30.763170180000003,30.75582615256366,1709,25.184737,25.18048154548202,23.50333,27.96815384902284,0.4194600587321517,-0.7973640869206323,-0.1889520140942403,988.5020438594912,985.968716349524
2026-07-14 17:47:54.700,2026-07-14 17:56:15,1881030,990.015,989.911182001511,30.35417,30.69729518,30.704293203832492,1715,25.204494999999998,25.19520811336395,23.50333,27.94975065859822,0.4099441169761552,-0.7885037829771031,-0.18927983300047396,988.4739997938859,986.1566348187157
2026-07-14 17:48:14.712,2026-07-14 17:56:15,1901042,990.1861,989.982080554368,30.3125,30.653375,30.65543959807866,1708,25.181444,25.185950602084475,23.50333,27.920695100081566,0.39492003712082163,-0.7582727302552789,-0.1816763465672286,988.5754704453394,986.3858553004227
2026-07-14 17:48:34.724,2026-07-14 17:56:15,1921054,989.7847,989.9231870630972,30.27083,30.609454820000003,30.608885809145054,1705,25.171564999999998,25.173816782425316,23.47667,27.891351295785185,0.3797469108236473,-0.7833848399928339,-0.2018189645845933,988.5568668856558,986.4783392822549
2026-07-14 17:48:54.736,2026-07-14 17:56:15,1941066,989.8604,989.8970783849155,30.22917,30.56554518,30.563947222107263,1703,25.164979,25.164732120541466,23.45333,27.864339671324366,0.36577971061687686,-0.7945175471469351,-0.21436891826502913,988.5608982478794,986.5982804254089
2026-07-14 17:49:14.748,2026-07-14 17:56:15,1961078,989.6963,989.8280481575923,30.1875,30.521625000000004,30.519945660008368,1701,25.158392999999997,25.157692441275046,23.43,27.838819050641707,0.3525834802682435,-0.8239519482384944,-0.23568423398512545,988.515288342299,986.6724276685707
2026-07-14 17:49:34.760,2026-07-14 17:56:15,1981090,989.7891,989.8002293273483,30.16667,30.499670180000003,30.48871120299234,1698,25.148514,25.148851544569002,23.40667,27.818781373780674,0.34222237648484893,-0.8358138620558339,-0.24679574278549246,988.5168029189748,986.7461908807536
2026-07-14 17:49:54.772,2026-07-14 17:56:15,2001102,989.815,989.7877899474098,30.125,30.455750000000002,30.45285451230034,1689,25.118876999999998,25.12390512330489,23.39,27.788379817802614,0.326502306795637,-0.8411179978328617,-0.2573078455186123,988.5870541709548,986.8503270224429
2026-07-14 17:50:14.784,2026-07-14 17:56:15,2021114,989.8466,989.7898542745746,30.0625,30.389875000000004,30.400798201911407,1690,25.122169999999997,25.117906380981477,23.37,27.75935229144644,0.3114927218403865,-0.8402377713565828,-0.26437252475809814,988.6089984258479,987.0216217871127
2026-07-14 17:50:34.796,2026-07-14 17:56:15,2041126,989.7388,989.7622431038039,30.02083,30.345954820000003,30.350816797767386,1680,25.089239999999997,25.0935545512019,23.34667,27.722185674484642,0.29227456704681715,-0.8520111394387524,-0.2798682861959676,988.662138676474,987.156628918438
2026-07-14 17:50:54.808,2026-07-14 17:56:15,2061138,989.8111,989.7630878762131,30.0,30.324,30.315467074180305,1674,25.069481999999997,25.07042259323541,23.34,27.692944833707855,0.27715468123853904,-0.851650929558415,-0.287248124159938,988.7396697815674,987.2724622897382
2026-07-14 17:51:14.820,2026-07-14 17:56:15,2081150,989.5452,989.6872015396648,29.9375,30.258125000000003,30.264920702064536,1669,25.053016999999997,25.05189521987654,23.32,27.658407960970536,0.259296317453806,-0.8840087668993771,-0.31235622472278557,988.7252878945571,987.3612255851609
2026-07-14 17:51:34.832,2026-07-14 17:56:15,2101162,989.5113,989.6163737951853,29.89583,30.214204820000003,30.216543917818946,1667,25.046431,25.04311010002711,23.30667,27.62982700892303,0.24451764762864764,-0.9142096270191002,-0.3348459896952263,988.6836559157675,987.4480040173084
2026-07-14 17:51:54.844,2026-07-14 17:56:15,2121174,989.7463,989.6309050689293,29.85417,30.170295180000004,30.1701419857155,1667,25.046431,25.04282150090216,23.28667,27.60648174330883,0.2324462522489757,-0.9080135103852724,-0.3377836290681484,988.6991303827103,987.6135655196789
2026-07-14 17:52:14.856,2026-07-14 17:56:15,2141186,989.6789,989.6271238482328,29.8125,30.126375000000003,30.12516902163758,1660,25.02338,25.02702393058542,23.27,27.5760964761115,0.21673460518024998,-0.9096258180787657,-0.34644560644925787,988.747734304601,987.756245604951
2026-07-14 17:52:34.868,2026-07-14 17:56:15,2161198,989.6438,989.616742851163,29.79167,30.10442018,30.093400588742938,1654,25.003622,25.006252546731176,23.25,27.549826567737057,0.20315093233556186,-0.9140522620197862,-0.3554506648421122,988.8062440099488,987.8493626229304
2026-07-14 17:52:54.880,2026-07-14 17:56:15,2181210,989.6138,989.6019468693471,29.75,30.0605,30.057323742784813,1652,24.997035999999998,24.994943250570646,23.24,27.52613349667773,0.19089969333737145,-0.9203612498386307,-0.3647307782506296,988.828967189945,987.9521296607257
2026-07-14 17:53:14.892,2026-07-14 17:56:15,2201222,989.5012,989.5587181330615,29.70833,30.01657982,30.017566897239643,1648,24.983863999999997,24.9833221697869,23.22333,27.50044453351327,0.17761641627483113,-0.938793927983459,-0.3805887558543139,988.8243145713288,988.0385255864842
2026-07-14 17:53:34.904,2026-07-14 17:56:15,2221234,989.4114,989.4986529247797,29.66667,29.97267018,29.975251999902145,1637,24.947640999999997,24.953149445992796,23.19,27.46420072294747,0.15887542721795,-0.9644056563635046,-0.4027651145727773,988.864372426832,988.1164699348916
2026-07-14 17:53:54.916,2026-07-14 17:56:15,2241246,989.6013,989.5082813826439,29.625,29.92875,29.93144569055709,1630,24.92459,24.92549654930074,23.17,27.428471119928915,0.1404003251598538,-0.9603000941821515,-0.40994988451114883,988.9657339893112,988.2689051572795
2026-07-14 17:54:14.928,2026-07-14 17:56:15,2261258,989.378,989.4535778409358,29.58333,29.884829820000004,29.886959669980342,1630,24.92459,24.918537481960218,23.15,27.40274857597028,0.1270996841036722,-0.983625614757711,-0.4282629653270194,988.9341487511149,988.3593406231253
2026-07-14 17:54:34.940,2026-07-14 17:56:15,2281270,989.3404,989.4000087523314,29.5625,29.862875000000003,29.854642697376978,1630,24.92459,24.9201315051341,23.12333,27.38738710125554,0.11915655602104996,-1.0064674059734846,-0.44365542497621735,988.8753194363679,988.4112385755486
2026-07-14 17:54:54.952,2026-07-14 17:56:15,2301282,989.4411,989.3891511434143,29.54167,29.84092018,29.830026469461625,1623,24.901539,24.905227046506972,23.10333,27.367626757984297,0.10893885619243303,-1.0110970765997023,-0.4510791102036346,988.9139164398218,988.4806964156222
2026-07-14 17:55:14.964,2026-07-14 17:56:15,2321294,989.466,989.3916271413141,29.47917,29.775045180000003,29.7847239505358,1610,24.858729999999998,24.86698878476643,23.07,27.325856367651113,0.08734017724793679,-1.010041314245887,-0.46135056849897516,989.043278121423,988.6309933309481
2026-07-14 17:55:34.976,2026-07-14 17:56:15,2341306,989.3399,989.3597943311544,29.4375,29.731125000000002,29.737987047059782,1602,24.832386,24.83346023869114,23.05,27.28572364287546,0.06658830419425073,-1.0236147839916139,-0.47851323989868155,989.1227382531896,988.7517300486563
2026-07-14 17:55:54.988,2026-07-14 17:56:15,2361318,989.5364,989.3947461351676,29.41667,29.70917018,29.703602558676934,1597,24.815921,24.8124268390409,23.02667,27.258014698858915,0.05226053323183932,-1.008711379235592,-0.4782254230018763,989.2275070932866,988.8989222797154
2026-07-14 17:56:15.000,2026-07-14 17:56:15,2381330,989.432,989.3957010991618,29.35417,29.643295180000003,29.652801924854675,1595,24.809334999999997,24.80431844114557,23.02,27.22856018300012,0.037030160079346126,-1.0083041838036226,-0.48563701186213826,989.255382324538,989.0657825632608
2026-07-14 17:56:34.652,2026-07-14 18:06:15,2401350,989.6279,989.4562835598304,29.3125,29.599375000000002,29.60407636035629,1594,24.806041999999998,24.802558939221754,23.01667,27.20331764978902,0.02397772350349795,-0.982471899664047,-0.47924708808027455,989.3217984096448,989.285535873104
2026-07-14 17:56:54.664,2026-07-14 18:06:15,2421362,989.3683,989.4309201782622,29.3125,29.599375000000002,29.58121347047429,1591,24.796163,24.796405717927364,22.99,27.188809594200826,0.01647588231267289,-0.993286813290496,-0.4884054654889115,989.3168695321324,989.3348878512425
2026-07-14 17:57:14.676,2026-07-14 18:06:15,2441374,989.372,989.410888135007,29.25,29.533500000000004,29.538386869281705,1595,24.809334999999997,24.80491751999556,22.99,27.171652194638632,0.007604115453174118,-1.001828451044311,-0.49711216779556844,989.2685781436121,989.4548333664719
2026-07-14 17:57:34.688,2026-07-14 18:06:15,2461386,989.3083,989.3758689072874,29.22917,29.511545180000002,29.50615910778583,1588,24.786284,24.79161427859023,22.98333,27.148886693188032,-0.004167494841100281,-1.0167606051829279,-0.5104640500120141,989.2777337239273,989.525169057292
2026-07-14 17:57:54.700,2026-07-14 18:06:15,2481398,989.3556,989.361740224746,29.1875,29.467625,29.468596658454974,1576,24.746768,24.755398133674376,22.98,27.111997396064673,-0.02324225279045527,-1.0227850574402528,-0.523013655115354,989.3838705076812,989.6338610257085
2026-07-14 17:58:14.712,2026-07-14 18:06:15,2501410,989.454,989.3806903669691,29.16667,29.44567018,29.439577929217666,1569,24.723717,24.724666994021437,22.97,27.08212246161955,-0.03869001644363414,-1.0147047409098278,-0.5266973786767309,989.5048958039877,989.7477253565309
2026-07-14 17:58:34.724,2026-07-14 18:06:15,2521422,989.5614,989.4297307527504,29.10417,29.379795180000002,29.391250150750434,1564,24.707251999999997,24.70435490022096,22.96667,27.047802525485697,-0.05643620641308375,-0.9937939828152271,-0.5251150946141554,989.6214246984822,989.9548935471307
2026-07-14 17:58:54.736,2026-07-14 18:06:15,2541434,989.6829,989.5071655760997,29.08333,29.357829820000003,29.35511285529736,1558,24.687493999999997,24.68601024552816,22.96333,27.020561550412758,-0.07052199948425851,-0.9607758726727377,-0.515648936078498,989.7598331842601,990.1506388511385
2026-07-14 17:59:14.748,2026-07-14 18:06:15,2561446,989.6827,989.5707256357871,29.04167,29.31392018,29.315230579302693,1548,24.654564,24.65728638512218,22.94,26.986258482212435,-0.08825946736425905,-0.9336739441004677,-0.5109667057323634,989.91887909709,990.3448073093925
2026-07-14 17:59:34.760,2026-07-14 18:06:15,2581458,989.6201,989.6026665926055,29.0,29.270000000000003,29.272780935660073,1543,24.638098999999997,24.636500356446263,22.91,26.954640646053168,-0.10460845253477025,-0.9200543607570832,-0.5123314066459268,990.0199316245613,990.5157877167039
2026-07-14 17:59:54.772,2026-07-14 18:06:15,2601470,989.4689,989.5811253751667,29.0,29.270000000000003,29.253539564896638,1540,24.62822,24.62491847249282,22.87333,26.93922901869473,-0.11257751360104183,-0.9292395084623709,-0.5209085110317063,990.0368870736155,990.5572499151197
2026-07-14 18:00:14.784,2026-07-14 18:06:15,2621482,989.4503,989.554597427249,28.9375,29.204125,29.2118644828766,1538,24.621634,24.618920979484088,22.85667,26.915392731180344,-0.12490280711985534,-0.9405509916984297,-0.5327268994091425,990.030287135841,990.6672224352548
2026-07-14 18:00:34.796,2026-07-14 18:06:15,2641494,989.4749,989.5378093522994,28.89583,29.16020482,29.167160493046925,1530,24.59529,24.5987871160791,22.82,26.882973804563015,-0.14166602101725073,-0.9477094054945555,-0.5446877132559031,990.0804360035878,990.7969041124283
2026-07-14 18:00:54.808,2026-07-14 18:06:15,2661506,989.346,989.4844366099237,28.875,29.138250000000003,29.1336456624304,1534,24.608462,24.60229630716047,22.79,26.867970984795434,-0.14942369540902412,-0.9704674749282182,-0.5599455851686211,990.015365925544,990.853309292867
2026-07-14 18:01:14.820,2026-07-14 18:06:15,2681518,989.2305,989.4053821190844,28.85417,29.11629518,29.1076756992429,1534,24.608462,24.60640223806047,22.76,26.857038968651686,-0.1550764342276337,-1.0041762092274575,-0.5796263217275456,989.9226182269834,990.8592726975719
2026-07-14 18:01:34.832,2026-07-14 18:06:15,2701530,989.7079,989.4824804140362,28.8125,29.072375,29.073592146497017,1535,24.611755,24.610982734001496,22.74667,26.842287440249258,-0.16270417060651882,-0.9713015943654377,-0.5670028824859783,989.9845275318992,991.0482380888026
2026-07-14 18:01:54.844,2026-07-14 18:06:15,2721542,989.1303,989.3768817998132,28.77083,29.028454820000004,29.03370543753741,1537,24.618340999999997,24.617510391960923,22.73667,26.825607914749167,-0.17132883782531685,-1.0163287090988256,-0.5938287734620712,989.8571752186381,991.0732717310251
2026-07-14 18:02:14.856,2026-07-14 18:06:15,2741554,989.3835,989.3649840387105,28.75,29.006500000000003,29.002691541669563,1529,24.591997,24.59930722404762,22.72666,26.800999382858592,-0.1840534443075711,-1.0214018992934282,-0.6027276718004997,989.9057867501486,991.1630792023356
2026-07-14 18:02:34.868,2026-07-14 18:06:15,2761566,989.533,989.401993737559,28.70833,28.962579820000002,28.96529824566899,1520,24.562359999999998,24.568454269852882,22.71333,26.766876257760934,-0.201697867011988,-1.0056210107982593,-0.6036594389051236,990.0454057525599,991.32283859979
2026-07-14 18:02:54.880,2026-07-14 18:06:15,2781578,989.2434,989.3488287893252,28.66667,28.918670180000003,28.92362384015708,1511,24.532722999999997,24.535286449025598,22.68,26.72945514459134,-0.22104761698197078,-1.0282904770742096,-0.6246690470280902,990.1025102520475,991.4063270635497
2026-07-14 18:03:14.892,2026-07-14 18:06:15,2801590,989.3044,989.3240703949783,28.64583,28.896704820000004,28.891888290009575,1508,24.522844,24.51858790139855,22.67,26.70523809570406,-0.2335697950063403,-1.0388474249193647,-0.6362086099628524,990.1332741619449,991.485681665803
2026-07-14 18:03:34.904,2026-07-14 18:06:15,2821602,989.5465,989.3775515789889,28.60417,28.85279518,28.854414870219827,1506,24.516258,24.5119005474802,22.66,26.68315770885001,-0.2449871454985627,-1.0160431161105725,-0.6305151308045676,990.2090448984176,991.6623122342946
2026-07-14 18:03:54.916,2026-07-14 18:06:15,2841614,989.6992,989.4693252588116,28.58333,28.83082982,28.825282201599823,1503,24.506379,24.50508997028996,22.64,26.66518608594489,-0.2542799318513615,-0.9769109358136285,-0.615595433832495,990.3235545522214,991.8499760391818
2026-07-14 18:04:14.928,2026-07-14 18:06:15,2861626,989.6254,989.523919393694,28.54167,28.786920180000003,28.78911664651308,1496,24.483328,24.486529003783737,22.61333,26.637822825148408,-0.26842895655770194,-0.9536320661693244,-0.6110305113635132,990.4399569767651,992.023509532012
2026-07-14 18:04:34.940,2026-07-14 18:06:15,2881638,989.6638,989.579001631383,28.5,28.743000000000002,28.748093678152106,1494,24.476741999999998,24.475433530997897,22.59,26.611763604575003,-0.28190368672467475,-0.9301450701093471,-0.606024378417011,990.5320158517728,992.2135380364878
2026-07-14 18:04:54.952,2026-07-14 18:06:15,2901650,989.8335,989.6725569187126,28.47917,28.72104518,28.71661759666224,1492,24.470156,24.46848837190465,22.57,26.592552984283444,-0.2918371351960046,-0.8902532146384953,-0.59104517491725,990.6487782584483,992.4108117576485
2026-07-14 18:05:14.964,2026-07-14 18:06:15,2921662,989.6937,989.7052000133524,28.4375,28.677125000000004,28.67916314094743,1490,24.463569999999997,24.46270650283901,22.55667,26.570934821893218,-0.30301547815885527,-0.8763342406215384,-0.5896748593901968,990.7007000104919,992.5666990510606
2026-07-14 18:05:34.976,2026-07-14 18:06:15,2941674,989.3804,989.6344848461681,28.41667,28.655170180000002,28.649949121922855,1492,24.470156,24.466855927601877,22.54667,26.558402524762364,-0.3094956920138667,-0.9064870979258285,-0.6079913949698476,990.616102183558,992.5918523086052
2026-07-14 18:05:54.988,2026-07-14 18:06:15,2961686,989.5656,989.6265200345761,28.375,28.611250000000002,28.613667396824187,1490,24.463569999999997,24.46454187227958,22.54,26.539104634551883,-0.3194742661099577,-0.909883283453675,-0.6146787747818163,990.6158317902542,992.703204287982
2026-07-14 18:06:15.000,2026-07-14 18:06:15,2981698,989.5751,989.6205622545746,28.33333,28.56732982,28.572543044950812,1486,24.450398,24.45339510408984,22.53,26.512969074520328,-0.3329884699671267,-0.9124236732652024,-0.6227060716161645,990.6469714569072,992.8325312006165
2026-07-14 18:06:35.630,2026-07-14 18:16:16,3001724,989.634,989.631717810694,28.3125,28.545375000000003,28.540560979524326,1484,24.443811999999998,24.44407669240864,22.51,26.492318835966483,-0.3436663178180581,-0.907666958331012,-0.625666638074535,990.6891585567778,992.948973830173
2026-07-14 18:06:55.642,2026-07-14 18:16:16,3021736,989.6207,989.6354742173454,28.27083,28.501454820000003,28.503422253155605,1480,24.430639999999997,24.43172009240019,22.49,26.467571172777898,-0.356462866463478,-0.9060652313147762,-0.6312640488891271,990.734055899636,993.074992395202
2026-07-14 18:07:15.654,2026-07-14 18:16:16,3041748,989.779,989.6845432238733,28.25,28.4795,28.474384059443757,1480,24.430639999999997,24.428258101991453,22.48,26.451321080717605,-0.36486548177133504,-0.8851422693702183,-0.6250038755707767,990.7947060318642,993.2198426938746
2026-07-14 18:07:35.666,2026-07-14 18:16:16,3061760,989.467,989.6309837150915,28.25,28.4795,28.46283654087243,1474,24.410881999999997,24.413582619247194,22.47333,26.438209580059812,-0.3716451908171287,-0.9079799757618121,-0.6398125832894704,990.7899486181246,993.2041161192101
2026-07-14 18:07:55.678,2026-07-14 18:16:16,3081772,989.5198,989.6005432798174,28.20833,28.43557982,28.436899140021552,1466,24.384538,24.388532898522513,22.45,26.412716019272032,-0.38482742900583466,-0.9209597386280544,-0.6528935838169445,990.84288441277,993.2589817577428
2026-07-14 18:08:15.690,2026-07-14 18:16:16,3101784,989.8007,989.6584994222785,28.1875,28.413625000000003,28.41289794373428,1458,24.358193999999997,24.36036426097792,22.44,26.386631102356098,-0.3983154462656,-0.8962473132302353,-0.6472813797479177,990.9947329982093,993.396209627964
2026-07-14 18:08:35.702,2026-07-14 18:16:16,3121796,989.8751,989.7287565907063,28.14583,28.369704820000003,28.377873608975268,1454,24.345022,24.342524169438946,22.41334,26.360198889207105,-0.4119830438399529,-0.866289746012915,-0.6391363949264339,991.124517418031,993.5821294709398
2026-07-14 18:08:55.715,2026-07-14 18:16:16,3141809,989.6845,989.7291104772354,28.10417,28.32579518,28.335991756897247,1453,24.341728999999997,24.337154745863646,22.39,26.336573251380447,-0.4241994143887229,-0.8661388492472306,-0.6451691318179767,991.1427608760384,993.7205112963474
2026-07-14 18:09:15.728,2026-07-14 18:16:16,3161822,989.8311,989.7705984978855,28.0625,28.281875000000003,28.29063572756993,1448,24.325263999999997,24.325724720127354,22.38,26.308180223848645,-0.43888091200054774,-0.8484484100343637,-0.6436646610174557,991.2223928159469,993.9116922773964
2026-07-14 18:09:35.740,2026-07-14 18:16:16,3181834,989.8483,989.8080258969759,28.0625,28.281875000000003,28.268755916104826,1444,24.312092,24.312715403291424,22.36,26.290735659698125,-0.44790116623825854,-0.8324894146875678,-0.6401952904629131,991.3032271476026,994.0214264662044
2026-07-14 18:09:55.753,2026-07-14 18:16:16,3201847,989.7573,989.8093988007877,28.02083,28.237954820000002,28.23749205632469,1439,24.295627,24.296727457763037,22.34667,26.267109757043862,-0.4601176737243751,-0.831904010249205,-0.64601084198679,991.357885360661,994.1259182842895
2026-07-14 18:10:15.766,2026-07-14 18:16:16,3221860,989.8091,989.8230336549286,28.0,28.216,28.211562856965603,1437,24.289040999999997,24.28735351549638,22.33666,26.249458186230992,-0.46924496719259856,-0.8260901257934796,-0.647667546493039,991.4027852998715,994.2251485383166
2026-07-14 18:10:35.779,2026-07-14 18:16:16,3241873,989.9755,989.8813245796898,27.95833,28.17207982,28.17654161493385,1434,24.279162,24.278491670692716,22.32667,26.227516642813285,-0.4805905243694797,-0.8012349496488927,-0.6409127370091863,991.4907097184486,994.3992578913537
2026-07-14 18:10:55.792,2026-07-14 18:16:16,3261886,989.8563,989.8918048425328,27.9375,28.150125000000003,28.14784063146887,1431,24.269282999999998,24.269207935323347,22.32,26.20852428339611,-0.49041111427007666,-0.7967661789084922,-0.6435886465892844,991.5321560465693,994.5045113221224
2026-07-14 18:11:15.805,2026-07-14 18:16:16,3281899,989.8671,989.9005263749532,27.89583,28.106204820000002,28.111112747400085,1429,24.262697,24.26203016486225,22.29,26.18657145613117,-0.5017625061109792,-0.793047328582344,-0.6474049173466616,991.564821974442,994.6345183777056
2026-07-14 18:11:35.818,2026-07-14 18:16:16,3301912,989.935,989.9250822053978,27.875,28.08425,28.081561846400703,1430,24.26599,24.263226326532354,22.27667,26.17239408646653,-0.5090933558641533,-0.7825767537273934,-0.6458350547957734,991.5854310318068,994.7567679879165
2026-07-14 18:11:55.831,2026-07-14 18:16:16,3321925,989.8146,989.9070957765778,27.85417,28.062295180000003,28.05689180171,1429,24.262697,24.262456735737537,22.27334,26.15967426872377,-0.5156705330814825,-0.7902461440890071,-0.6529583385852448,991.5699802362219,994.820166832719
2026-07-14 18:12:15.844,2026-07-14 18:16:16,3341938,990.0379,989.9559550294272,27.83333,28.040329820000004,28.03497534066037,1424,24.246232,24.2497952680336,22.26667,26.142385304346988,-0.524610329618655,-0.7694126208460638,-0.6470114752323594,991.6611386447497,994.9416626765681
2026-07-14 18:12:35.857,2026-07-14 18:16:16,3361951,990.0174,989.9884895889448,27.79167,27.99642018,28.001928310473893,1419,24.229767,24.232322917838125,22.25333,26.11712561415601,-0.5376716377443527,-0.7555399260670542,-0.6466057819057034,991.7519950484816,995.0835450086349
2026-07-14 18:12:55.870,2026-07-14 18:16:16,3381964,990.3309,990.105994986881,27.77083,27.974454820000002,27.973847670153727,1414,24.213302,24.214260545054305,22.23,26.094054107604016,-0.549601477489864,-0.7054357739094402,-0.6275186256996521,991.9299574892709,995.2944604931047
2026-07-14 18:13:15.883,2026-07-14 18:16:16,3401977,990.2611,990.1796044417136,27.75,27.9525,27.94934664740142,1414,24.213302,24.209520107737593,22.22,26.079433377569508,-0.5571615805061535,-0.6740487960347904,-0.615605188270472,992.0195168423064,995.4494506964838
2026-07-14 18:13:35.896,2026-07-14 18:16:16,3421990,990.2607,990.2354846201703,27.70833,27.908579820000003,27.914658080731886,1412,24.206716,24.205380818052006,22.2,26.060019449391945,-0.5672001556406927,-0.6502215590468671,-0.6087108573437798,992.0893108889857,995.620330092613
2026-07-14 18:13:55.909,2026-07-14 18:16:16,3442003,990.4003,990.3175504048829,27.6875,27.886625000000002,27.88573364833787,1409,24.196837,24.197557159998382,22.19,26.041645404168126,-0.5767010269645033,-0.6152288128718286,-0.595964919918166,992.1976358234759,995.7985123155937
2026-07-14 18:14:15.922,2026-07-14 18:16:16,3462016,990.3599,990.3675585078163,27.6875,27.886625000000002,27.8732599142723,1406,24.186957999999997,24.18777586913587,22.17,26.030517891704086,-0.5824548532334125,-0.5939054214149687,-0.5881801373241906,992.280380071651,995.8900629491002
2026-07-14 18:14:35.935,2026-07-14 18:16:16,3482029,990.337,990.3955093895229,27.66667,27.86467018,27.85851368419209,1404,24.180372,24.180005938348714,22.15333,26.019259811270402,-0.5882761937303264,-0.5819872010219963,-0.5851316973761613,992.3343162851222,995.9669591364824
2026-07-14 18:14:55.948,2026-07-14 18:16:16,3502042,990.5092,990.4632543405643,27.625,27.82075,27.82878660149469,1399,24.163907,24.16577214059481,22.13667,25.99727937104475,-0.599641863711039,-0.5531008401015204,-0.5763713519062796,992.4497044589597,996.1334616114283
2026-07-14 18:15:15.961,2026-07-14 18:16:16,3522055,990.4556,990.4973528922951,27.60417,27.798795180000003,27.801589387903213,1394,24.147441999999998,24.148836131014118,22.12667,25.975212759458664,-0.6110520912726943,-0.5385612610329545,-0.5748066761528244,992.5404095148658,996.2577797738229
2026-07-14 18:15:35.974,2026-07-14 18:16:16,3542068,990.5176,990.53755942072,27.58333,27.776829820000003,27.77669264180535,1389,24.130976999999998,24.131518212348,22.1,25.954105427076676,-0.6219662936983091,-0.5214172484742934,-0.5716917710863012,992.6385210424145,996.3806474610872
2026-07-14 18:15:55.987,2026-07-14 18:16:16,3562081,990.4327,990.5395609475764,27.54167,27.73292018,27.74114754187789,1384,24.114511999999998,24.11456518604451,22.09333,25.927856363961197,-0.6355391878537809,-0.5205637999695799,-0.5780514939116804,992.6971371978201,996.5003662225671
2026-07-14 18:16:16.000,2026-07-14 18:16:16,3582094,990.632,990.5945900974365,27.5,27.689000000000004,27.699018645738054,1382,24.107926,24.105523105792766,22.06667,25.90227087576541,-0.6487689599667792,-0.4970994404923243,-0.5729342002295518,992.7824842904712,996.6952775608642
2026-07-14 18:16:35.623,2026-07-14 18:26:16,3602122,990.7554,990.6711358898942,27.47917,27.667045180000002,27.66622051486127,1383,24.111219,24.1071767517138,22.05,25.886698633287537,-0.6568210720740061,-0.46446041199073956,-0.5606407420323728,992.8536758572328,996.8809733108806
2026-07-14 18:16:55.636,2026-07-14 18:26:16,3622135,990.8066,990.7451813485169,27.4375,27.623125,27.627088515980052,1383,24.111219,24.10968657622158,22.03333,25.868387546100816,-0.6662893889873978,-0.43288752265483044,-0.5495884558211142,992.9195009510382,997.0851898000197
2026-07-14 18:17:15.649,2026-07-14 18:26:16,3642148,990.75,990.7837318926253,27.4375,27.623125,27.608998403452098,1383,24.111219,24.111093103805597,22.03,25.860045753628846,-0.6706027721276211,-0.4164496197015185,-0.5435261959145699,992.9534377952614,997.1839622514726
2026-07-14 18:17:35.662,2026-07-14 18:26:16,3662161,990.5064,990.7368428105198,27.41667,27.60117018,27.591972287244836,1378,24.094754,24.09888146987504,22.01,25.845426878559937,-0.6781619159762773,-0.4364430646462495,-0.5573024903112633,992.9472367989036,997.1932218802357
2026-07-14 18:17:55.675,2026-07-14 18:26:16,3682174,991.0728,990.8598589157233,27.375,27.557250000000003,27.56194640040878,1369,24.065116999999997,24.071126538469112,21.99333,25.816536469438944,-0.6931006002021645,-0.3839891539220485,-0.5385448770621065,993.1632616983612,997.4166210897396
2026-07-14 18:18:15.688,2026-07-14 18:26:16,3702187,990.7833,990.8715736728828,27.35417,27.535295180000002,27.535380341912994,1366,24.055238,24.0538600752101,21.98333,25.794620208561547,-0.7044330842555554,-0.3789939963759193,-0.5417135403157374,993.2327035435022,997.5165378422855
2026-07-14 18:18:35.701,2026-07-14 18:26:16,3722200,990.8309,990.8893278082982,27.3125,27.491375,27.499047360421795,1367,24.058531,24.0530724351991,21.98,25.77605989781045,-0.7140302699611576,-0.3714236556264738,-0.5427269627938157,993.2531322720952,997.654961561133
2026-07-14 18:18:55.714,2026-07-14 18:26:16,3742213,991.2616,991.0266446479727,27.3125,27.491375,27.48136966332768,1368,24.061823999999998,24.058317471880223,21.97666,25.76984356760395,-0.7172446167573492,-0.31287192992111773,-0.5150582733392335,993.3732456458132,997.8518881196281
2026-07-14 18:19:15.727,2026-07-14 18:26:16,3762226,991.217,991.122213189055,27.29167,27.46942018,27.463575176432304,1368,24.061823999999998,24.06141359227093,21.97666,25.76249438435162,-0.7210447404407816,-0.27212162561197556,-0.4965831830263786,993.4586912807712,998.0071872763118
2026-07-14 18:19:35.740,2026-07-14 18:26:16,3782239,991.2103,991.1923600970678,27.25,27.425500000000003,27.432440989702922,1363,24.045358999999998,24.04974802777486,21.97333,25.74109450873889,-0.7321102114388897,-0.24221107329530756,-0.4871606423670986,993.5680011528174,998.1812018975389
2026-07-14 18:19:55.753,2026-07-14 18:26:16,3802252,991.2074,991.2417484833169,27.22917,27.403545180000002,27.4048773142695,1358,24.028893999999998,24.03206903713683,21.96333,25.718473175703163,-0.7438072749721221,-0.22115192824403576,-0.4824796016080789,993.6766169770136,998.3224855725773
2026-07-14 18:20:15.766,2026-07-14 18:26:16,3822265,991.3818,991.3264739900274,27.20833,27.381579820000002,27.380153941793957,1355,24.019015,24.01867217542639,21.94333,25.699413058610173,-0.753662901085555,-0.18502507999355125,-0.4693439905395531,993.8063510379008,998.489951179639
2026-07-14 18:20:35.779,2026-07-14 18:26:16,3842278,991.1534,991.3210814633102,27.1875,27.359625,27.357311412535843,1354,24.015721999999997,24.013195667692706,21.92,25.685253540114275,-0.7609845203369461,-0.1873244465239132,-0.47415448343042965,993.8192600706169,998.5604177120953
2026-07-14 18:20:55.792,2026-07-14 18:26:16,3862291,991.5151,991.4159718873735,27.16667,27.337670180000003,27.33549602976948,1353,24.012428999999997,24.010737046164127,21.91667,25.673116537966806,-0.7672603346312545,-0.14686329044873578,-0.45706181253999517,993.92261298193,998.7285039708261
2026-07-14 18:21:15.805,2026-07-14 18:26:16,3882304,991.4855,991.4790601078747,27.125,27.293750000000003,27.3017608713262,1350,24.00255,24.00349701004369,21.9,25.652628940684945,-0.7778540837560621,-0.11996255350504274,-0.4489083186305524,994.0100788126281,998.9042033377618
2026-07-14 18:21:35.818,2026-07-14 18:26:16,3902317,991.6993,991.5872523401234,27.125,27.293750000000003,27.285145019851804,1348,23.995963999999997,23.99625340005999,21.89,25.640699209955898,-0.7840227219195003,-0.07382952334580992,-0.4289261226326551,994.1427811161387,999.0684571925227
2026-07-14 18:21:55.831,2026-07-14 18:26:16,3922330,992.0059,991.7602312161201,27.08333,27.249829820000002,27.25515782571613,1346,23.989378,23.989359245047858,21.87667,25.622258535381995,-0.7935580460202482,-7.155073164183531e-05,-0.396814798375945,994.3392756773894,999.3424880475682
2026-07-14 18:22:15.844,2026-07-14 18:26:16,3942343,991.7378,991.8150174299628,27.04167,27.205920180000003,27.21613316217295,1340,23.96962,23.97262368954953,21.86333,25.59437842586124,-0.8079743234280699,0.023289221136947817,-0.392342551145561,994.4502140288503,999.5275385092026
2026-07-14 18:22:35.857,2026-07-14 18:26:16,3962356,991.5981,991.808000159971,27.04167,27.205920180000003,27.196695914989085,1337,23.959740999999998,23.959539033865248,21.84667,25.578117474427167,-0.8163825539127532,0.020297066141717283,-0.3980427438855179,994.4869732298846,999.5851516729019
2026-07-14 18:22:55.870,2026-07-14 18:26:16,3982369,991.9976,991.910777737286,27.0,27.162000000000003,27.165613593510983,1335,23.953155,23.95153876133844,21.84,25.55857617742471,-0.8264869890580423,0.06412129432721797,-0.3811828473654122,994.616810479907,999.7922018063197
2026-07-14 18:23:15.883,2026-07-14 18:26:16,4002382,991.6652,991.8888201454525,26.97917,27.14004518,27.138832775849092,1329,23.933397,23.93539511374784,21.83,25.537113944798467,-0.8375847036886401,0.05475860510984761,-0.39141304928939624,994.6488393577256,999.8592327685412
2026-07-14 18:23:35.896,2026-07-14 18:26:16,4022395,991.9136,991.9354954153547,26.95833,27.118079820000002,27.1150337983969,1326,23.923517999999998,23.922984715337876,21.81667,25.51900925686739,-0.8469462954500416,0.07466088080313779,-0.3861427073234519,994.7371985004766,999.9855355768146
2026-07-14 18:23:55.909,2026-07-14 18:26:16,4042408,991.3934,991.8126378648823,26.9375,27.096125,27.092966528002364,1326,23.923517999999998,23.920362516202882,21.79,25.506664522102625,-0.8533295243524363,0.022274577614527842,-0.4155274733689542,994.622773261776,999.9351688540113
2026-07-14 18:24:15.922,2026-07-14 18:26:16,4062421,992.0097,991.8874555741758,26.89583,27.052204820000004,27.05934582548858,1324,23.916932,23.916385603716975,21.77334,25.487865714602776,-0.8630500322167367,0.05417675365380727,-0.4044366392814647,994.7111192579199,1000.1225913350816
2026-07-14 18:24:35.935,2026-07-14 18:26:16,4082434,992.2783,992.0262191414229,26.89583,27.052204820000004,27.04297885098548,1320,23.90376,23.905657959823074,21.75667,25.474318405404276,-0.8700550896175956,0.11334536215518067,-0.37835486373120747,994.8862051237703,1000.3170428077624
2026-07-14 18:24:55.948,2026-07-14 18:26:16,4102447,992.213,992.1175282814019,26.85417,27.00829518,27.01324851573875,1319,23.900467,23.899612921185327,21.74667,25.456430718462038,-0.8793044742712537,0.15227946325387093,-0.3635125055086914,994.9980255680778,1000.508202802108
2026-07-14 18:25:15.961,2026-07-14 18:26:16,4122460,992.3775,992.2355637801821,26.8125,26.964375,26.97441610017592,1321,23.907052999999998,23.903695931320453,21.73667,25.439056015748186,-0.8882886044811746,0.20260964973687756,-0.34283947737214854,995.1027258704303,1000.7567054493475
2026-07-14 18:25:35.974,2026-07-14 18:26:16,4142473,992.5703,992.3832192422684,26.8125,26.964375,26.955102378370796,1317,23.893881,23.896352932264943,21.73333,25.42572765531787,-0.8951804476144238,0.26556975088298174,-0.31480534836572105,995.2754106417098,1000.9700437592204
2026-07-14 18:25:55.987,2026-07-14 18:26:16,4162486,992.4827,992.4707607165659,26.79167,26.942420180000003,26.936423357468396,1311,23.874122999999997,23.87818554158178,21.71333,25.407304449525085,-0.9047067389387987,0.3028973241293333,-0.30090470740473274,995.4240875029273,1001.1206540548062
2026-07-14 18:26:16.000,2026-07-14 18:26:16,4182499,992.6776,992.5908163697729,26.77083,26.920454820000003,26.917268281089022,1303,23.847779,23.851592328066204,21.70667,25.384430304577613,-0.9165345267308087,0.3540889018893195,-0.2812228124207446,995.6336404281549,1001.3056712642875
2026-07-14 18:26:35.623,2026-07-14 18:36:16,4202547,992.8645,992.7337638151126,26.75,26.898500000000002,26.897443462636726,1301,23.841192999999997,23.83833522756641,21.7,25.367889345101567,-0.9250875440789186,0.4150415106855044,-0.2550230166967071,995.8214760323815,1001.5160418505266
2026-07-14 18:26:55.636,2026-07-14 18:36:16,4222560,992.7455,992.8072639776842,26.72917,26.87654518,26.876484672276863,1298,23.831314,23.829093059235266,21.68667,25.352788865756064,-0.9328957163916488,0.4463818864791043,-0.24325691495627225,995.926197662311,1001.6601597892989
2026-07-14 18:27:15.649,2026-07-14 18:36:16,4242573,992.5924,992.810373554551,26.6875,26.832625,26.842659359280734,1295,23.821434999999997,23.820549045528317,21.67667,25.331604202404527,-0.9438499051992545,0.4477078060982536,-0.24807104955050044,995.9579704679642,1001.77623843971
2026-07-14 18:27:35.662,2026-07-14 18:36:16,4262586,992.8202,992.8686992184297,26.6875,26.832625,26.825526088385253,1293,23.814849,23.8139765652484,21.66,25.319751326816828,-0.9499788030224667,0.4725777949583361,-0.23870050403206533,996.03852513044,1001.8923112052813
2026-07-14 18:27:55.675,2026-07-14 18:36:16,4282599,992.7474,992.885581728405,26.66667,26.810670180000002,26.807308290786136,1288,23.798384,23.800293119904712,21.65,25.303800705345424,-0.9582265677519324,0.4797764757292733,-0.23922504601132955,996.1013596940202,1001.9701977490538
2026-07-14 18:28:15.688,2026-07-14 18:36:16,4302612,992.9341,992.9456407956116,26.64583,26.788704820000003,26.78775397014327,1284,23.785211999999998,23.785984380046916,21.63,25.28686917509509,-0.9669815418615572,0.5053855855626542,-0.23079797814945147,996.2096162794708,1002.0961333327855
2026-07-14 18:28:35.701,2026-07-14 18:36:16,4322625,993.2179,993.0715204898447,26.60417,26.74479518,26.75473699698952,1281,23.775333,23.77465659061849,21.61,25.264696793804006,-0.9784464609375144,0.5590605270052518,-0.20969296696613132,996.3739203576899,1002.3335093601441
2026-07-14 18:28:55.714,2026-07-14 18:36:16,4342638,993.0314,993.112294412821,26.58333,26.72282982,26.725656404928095,1283,23.781919,23.777407843852984,21.59667,25.25153212439054,-0.985253662541422,0.5764464758786647,-0.20440359333137864,996.4055973475538,1002.4718693508559
2026-07-14 18:29:15.727,2026-07-14 18:36:16,4362651,993.17,993.1778931437071,26.5625,26.700875000000003,26.699932654050276,1281,23.775333,23.77541141904426,21.58667,25.237672036547266,-0.9924204518647086,0.6044176912559338,-0.1940013803043874,996.4781135458742,1002.6240928053415
2026-07-14 18:29:35.740,2026-07-14 18:36:16,4382664,993.1827,993.2273691769612,26.5625,26.700875000000003,26.688873345882083,1282,23.778626,23.777423970089234,21.58,25.23314865798566,-0.9947594053798009,0.6255142088786045,-0.18462259825059818,996.5209995947112,1002.7110222097314
2026-07-14 18:29:55.753,2026-07-14 18:36:16,4402677,993.3474,993.3087346137356,26.54167,26.678920180000002,26.67443561535722,1281,23.775333,23.776013714017093,21.57667,25.225224664687154,-0.9988567524681947,0.6602083275839348,-0.16932421244212997,996.6073682307724,1002.8414530004696
2026-07-14 18:30:15.766,2026-07-14 18:36:16,4422690,993.3772,993.3768033636454,26.52083,26.656954820000003,26.656794011312336,1282,23.778626,23.777842707048432,21.56333,25.217318359180382,-1.0029449535339676,0.6892327559298747,-0.15685609880204648,996.6695237818549,1002.9691894888551
2026-07-14 18:30:35.779,2026-07-14 18:36:16,4442703,993.3431,993.4145457791085,26.47917,26.61304518,26.62443418689167,1281,23.775333,23.776166414958507,21.56,25.200300300925086,-1.0117446696386758,0.7053260738571504,-0.1532092978907627,996.7130181973221,1003.1155682327766
2026-07-14 18:30:55.792,2026-07-14 18:36:16,4462716,993.6118,993.5171597410193,26.47917,26.61304518,26.607649433082116,1280,23.772039999999997,23.77280807681146,21.55667,25.190228754946787,-1.016952475606608,0.7490805366425064,-0.13393596948205078,996.8272473349484,1003.2753589240117
2026-07-14 18:31:15.805,2026-07-14 18:36:16,4482729,993.8552,993.666534614785,26.4375,26.569125000000003,26.57685509807351,1277,23.762161,23.76404695016644,21.54,25.170451024119973,-1.0271791662114034,0.8127737927407801,-0.10720268673531164,997.006537964414,1003.5292942788171
2026-07-14 18:31:35.818,2026-07-14 18:36:16,4502742,993.5773,993.6988425076478,26.4375,26.569125000000003,26.56159232614982,1274,23.752281999999997,23.753425136589577,21.52334,25.1575087313697,-1.0338713810480167,0.8265498371465931,-0.10366077195071177,997.0746238362615,1003.6130291015711
2026-07-14 18:31:55.831,2026-07-14 18:36:16,4522755,993.7397,993.7634469456315,26.39583,26.525204820000003,26.531953219898885,1272,23.745696,23.7452851106645,21.51667,25.138619165281693,-1.043638818461968,0.8540970872954811,-0.09477086558324349,997.1667864807279,1003.777543762328
2026-07-14 18:32:15.844,2026-07-14 18:36:16,4542768,993.902,993.8558314517423,26.375,26.50325,26.50508884084011,1268,23.732523999999998,23.733510368127877,21.51,25.11929960448399,-1.05362859800891,0.8934897231444339,-0.08006943743223804,997.2990398376681,1003.9608572504759
2026-07-14 18:32:35.857,2026-07-14 18:36:16,4562781,993.9669,993.9424625107376,26.35417,26.48129518,26.480562136797097,1268,23.732523999999998,23.730227546940352,21.5,25.105394841868723,-1.0608184878119753,0.9304290964644052,-0.06519469567378505,997.3969998535837,1004.1305569988199
2026-07-14 18:32:55.870,2026-07-14 18:36:16,4582794,994.0603,994.0323802886661,26.35417,26.48129518,26.469979728998986,1270,23.739109999999997,23.73572572854917,21.49,25.102852728774078,-1.0621329664207189,0.9687699225552207,-0.046681521932749104,997.4687571626205,1004.2568649809649
2026-07-14 18:33:15.883,2026-07-14 18:36:16,4602807,994.2264,994.1463856900247,26.3125,26.437375000000003,26.443256122587833,1271,23.742403,23.74133785203188,21.48,25.092296987309858,-1.0675911407180672,1.0173816806257936,-0.02510473004613678,997.5642994123192,1004.4616326373462
2026-07-14 18:33:35.896,2026-07-14 18:36:16,4622820,994.3702,994.2734195138581,26.3125,26.437375000000003,26.430199897670494,1272,23.745696,23.745741321074117,21.48,25.087970609372306,-1.0698282289358305,1.071548741461365,0.0008602562627672006,997.6769725167287,1004.6337663367029
2026-07-14 18:33:55.909,2026-07-14 18:36:16,4642833,994.1425,994.300133558378,26.3125,26.437375000000003,26.42611652761547,1265,23.722645,23.72909546513685,21.46,25.07760599637616,-1.0751875743166623,1.082939576051747,0.003876000867542362,997.7597187377066,1004.6744527631344
2026-07-14 18:34:15.922,2026-07-14 18:36:16,4662846,994.4809,994.4112026703049,26.25,26.3715,26.389896189211118,1262,23.712766,23.71419580672085,21.46,25.052045997965983,-1.0884041661435448,1.1302993040450076,0.020947568950731354,997.9212576090126,1004.9081794656446
2026-07-14 18:34:35.935,2026-07-14 18:36:16,4682859,994.7975,994.5869637877286,26.22917,26.349545180000003,26.35748650069649,1263,23.716058999999998,23.712466830174645,21.45,25.034976665435565,-1.0972303952062994,1.205243620863317,0.054006612828508826,998.1034522121051,1005.1945561907704
2026-07-14 18:34:55.948,2026-07-14 18:36:16,4702872,994.9119,994.755490843301,26.22917,26.349545180000003,26.341467481166834,1263,23.716058999999998,23.71397539491441,21.45,25.027721438040622,-1.100981936092624,1.2771033429133967,0.0880607034103863,998.2675022247327,1005.4186549942391
2026-07-14 18:35:15.961,2026-07-14 18:36:16,4722885,994.9295,994.8873520883164,26.20833,26.32757982,26.323953615498944,1264,23.719352,23.7179603987599,21.44666,25.02095700712942,-1.104479695398387,1.3333288099982008,0.11442455729990686,998.3864270001965,1005.6107364987088
2026-07-14 18:35:35.974,2026-07-14 18:36:16,4742898,995.2743,995.0846673765801,26.1875,26.305625000000003,26.30477359689855,1259,23.702886999999997,23.7070256492083,21.44,25.005899623053423,-1.1122655839622075,1.417463797835591,0.15259910693669176,998.6212191858443,1005.8746004896275
2026-07-14 18:35:55.987,2026-07-14 18:36:16,4762911,995.1911,995.2085575279224,26.16667,26.28367018,26.284229444214027,1255,23.689715,23.69217301652131,21.43,24.988201230367668,-1.1214170881354775,1.4702904007211484,0.17443665629283545,998.7955223316997,1006.0688555590257
2026-07-14 18:36:16.000,2026-07-14 18:36:16,4782924,995.2829,995.3220037764195,26.125,26.23975,26.250427037213612,1253,23.683128999999997,23.682341815036168,21.42,24.96638442612489,-1.1326981450438767,1.5186637367231033,0.1929827958396133,998.9424617303642,1006.2971382529945
2026-07-14 18:36:36.616,2026-07-14 18:46:17,4802969,995.1907,995.3744312609548,26.10417,26.217795180000003,26.22046410322598,1250,23.67325,23.672832103393553,21.41,24.946648103309766,-1.1429034243488714,1.54101874941644,0.19905766253378432,999.0270860653292,1006.4508658774741
2026-07-14 18:36:56.629,2026-07-14 18:46:17,4822982,995.4375,995.472713482757,26.10417,26.217795180000003,26.207147945887836,1248,23.666663999999997,23.665860127905024,21.39333,24.93650403689643,-1.148148729262367,1.582926163731473,0.217388717234553,999.1491976387188,1006.5950156559836
2026-07-14 18:37:16.642,2026-07-14 18:46:17,4842995,995.5243,995.565745995715,26.0625,26.173875000000002,26.179021020041475,1241,23.643613,23.64699466637971,21.38,24.913007843210593,-1.160298166693765,1.6225951088755013,0.2311484710908681,999.3060891144694,1006.7836827460629
2026-07-14 18:37:36.655,2026-07-14 18:46:17,4863008,995.6442,995.6646262131567,26.0625,26.173875000000002,26.165535658240945,1239,23.637027,23.635734345833313,21.37,24.900635002037127,-1.1666959288885952,1.6647575077702883,0.24903078944084656,999.4432591722616,1006.9290412720894
2026-07-14 18:37:56.668,2026-07-14 18:46:17,4883021,995.6079,995.722214547861,26.04167,26.15192018,26.14919347906256,1234,23.620562,23.62117649446824,21.36333,24.885184986765402,-1.174684839618894,1.689313100408638,0.25731413039487194,999.5500957131756,1007.042264127034
2026-07-14 18:38:16.681,2026-07-14 18:46:17,4903034,996.0523,995.8888984414989,26.04167,26.15192018,26.14265494637482,1230,23.60739,23.607352651991278,21.35,24.875003799183048,-1.1799493391869114,1.7603869005552124,0.2902187806841505,999.7639902129024,1007.2328471487415
2026-07-14 18:38:36.694,2026-07-14 18:46:17,4923047,995.8268,995.947496224463,26.0,26.108,26.11723322426909,1231,23.610682999999998,23.606657146443165,21.34333,24.861945185356127,-1.1867017014525747,1.785372920647031,0.29933560959722816,999.8251592795496,1007.377678406281
2026-07-14 18:38:56.707,2026-07-14 18:46:17,4943060,995.8708,995.9954600200153,26.0,26.108,26.10398257384428,1232,23.613975999999997,23.61116058309503,21.34,24.857571578469656,-1.1889632108667034,1.8058246220379697,0.3084307055856331,999.8581364519516,1007.4708004357866
2026-07-14 18:39:16.720,2026-07-14 18:46:17,4963073,995.8582,996.0189213912236,26.0,26.108,26.09909271497591,1230,23.60739,23.608671204974346,21.33333,24.853881959975126,-1.1908710428178861,1.8158285208672071,0.3124787390246605,999.8900763794302,1007.5109950106147
2026-07-14 18:39:36.733,2026-07-14 18:46:17,4983086,996.2358,996.1392257221542,25.9375,26.042125000000002,26.061981533751094,1229,23.604097,23.604883932274284,21.33,24.83343273301269,-1.20144495137612,1.8671261344920846,0.3328405915579823,1000.0236107197236,1007.7576638237628
2026-07-14 18:39:56.746,2026-07-14 18:46:17,5003099,996.3631,996.2666491409327,25.9375,26.042125000000002,26.041180091305048,1226,23.594217999999998,23.59601231393944,21.31667,24.818596202622246,-1.2091166406755822,1.9214593181164938,0.3561713387204558,1000.1814318841563,1007.9566473472561
2026-07-14 18:40:16.759,2026-07-14 18:46:17,5023112,996.476,996.394792436641,25.91667,26.02017018,26.019946639782855,1227,23.597510999999997,23.59550081976362,21.31,24.807723729773237,-1.2147385907824726,1.9760994563476948,0.3806804327826111,1000.3118029270017,1008.1578427197113
2026-07-14 18:40:36.772,2026-07-14 18:46:17,5043125,996.6153,996.5304895788101,25.875,25.97625,25.98602093430669,1222,23.581046,23.583842581746005,21.3,24.784931758026346,-1.2265238883663938,2.0339605450977847,0.40371832836569543,1000.4873396572746,1008.4094949252819
2026-07-14 18:40:56.785,2026-07-14 18:46:17,5063138,996.6902,996.6525533282414,25.875,25.97625,25.9689195080389,1219,23.571167,23.57205725286827,21.3,24.770488380453585,-1.2339922857785282,2.0860083725325422,0.42600804337700704,1000.6496307118736,1008.5906742407153
2026-07-14 18:41:16.798,2026-07-14 18:46:17,5083151,996.7915,996.7704144150499,25.875,25.97625,25.963098655153118,1215,23.557995,23.55873576863377,21.28,24.760917211893442,-1.2389413560458928,2.136264189972714,0.44866141696341066,1000.812896473247,1008.7295769664642
2026-07-14 18:41:36.811,2026-07-14 18:46:17,5103164,996.8058,996.8586125032415,25.83333,25.932329820000003,25.938881389053293,1212,23.548116,23.547656019573342,21.27,24.743268704313316,-1.248067065574392,2.1738717425479783,0.4629023384867932,1000.938829487166,1008.900517441188
2026-07-14 18:41:56.824,2026-07-14 18:46:17,5123177,997.0165,996.9804431813687,25.83333,25.932329820000003,25.92677051796972,1211,23.544822999999997,23.542784539006558,21.26667,24.734777528488138,-1.2524576920216528,2.225820188675277,0.48668124832681203,1001.0775955263405,1009.0646794165623
2026-07-14 18:42:16.837,2026-07-14 18:46:17,5143190,997.0347,997.0733725183244,25.79167,25.88842018,25.898067990577236,1205,23.525064999999998,23.52759849863448,21.25667,24.712833244605857,-1.2638046662409415,2.265445139703159,0.5008202367311088,1001.2221537112799,1009.2555938318602
2026-07-14 18:42:36.851,2026-07-14 18:46:17,5163204,997.1753,997.178447052719,25.8125,25.910375000000002,25.89561602502597,1203,23.518479,23.517648908392516,21.24,24.706632466709245,-1.267010971231792,2.3102487874645785,0.5216189081163932,1001.3612478170973,1009.3702282289489
2026-07-14 18:42:56.865,2026-07-14 18:46:17,5183218,997.3071,997.2912962647748,25.75,25.844500000000004,25.86090979477266,1201,23.511892999999997,23.510717475336314,21.24,24.685813635054487,-1.2777759953870345,2.3583675478876907,0.5402957762503281,1001.4979696932876,1009.6016281424463
2026-07-14 18:43:16.878,2026-07-14 18:46:17,5203231,997.5928,997.4563132032064,25.75,25.844500000000004,25.8419503531675,1202,23.515186,23.512242434387666,21.23333,24.677096393777582,-1.2822835160043844,2.4287305604554272,0.5732235222255214,1001.6585337494606,1009.8327126663984
2026-07-14 18:43:36.891,2026-07-14 18:46:17,5223244,997.6347,997.5918842863887,25.75,25.844500000000004,25.834223058470183,1201,23.511892999999997,23.511645650248422,21.22333,24.672934354359302,-1.2844356278815467,2.4865378978139123,0.6010511349661828,1001.7966912613326,1009.9960687444152
2026-07-14 18:43:56.904,2026-07-14 18:46:17,5243257,997.6054,997.6807156057097,25.72917,25.822545180000002,25.82085166936678,1198,23.502014,23.504072113630922,21.21333,24.66246189149885,-1.2898507403877224,2.5244154593369954,0.6172823594746365,1001.9114750064846,1010.1311804223793
2026-07-14 18:44:16.918,2026-07-14 18:46:17,5263271,997.7295,997.7760947720246,25.70833,25.800579820000003,25.803039460340024,1197,23.498721,23.498680331920276,21.2,24.65085989613015,-1.2958499127939473,2.565085014486346,0.6346175508461994,1002.0254707674435,1010.2879412169575
2026-07-14 18:44:36.931,2026-07-14 18:46:17,5283284,997.626,997.8099592707689,25.6875,25.778625,25.782338754901627,1194,23.488841999999998,23.48987386216119,21.19333,24.63610630853141,-1.3034787139443051,2.5795247936592642,0.6380230398574795,1002.0892280412079,1010.3921939685424
2026-07-14 18:44:56.945,2026-07-14 18:46:17,5303298,998.341,998.0365562878587,25.6875,25.778625,25.772417233931396,1192,23.482256,23.482218141960168,21.18,24.627317687945784,-1.3080231434523804,2.6761454734079417,0.6840611649777807,1002.3426654451613,1010.6551918394515
2026-07-14 18:45:16.958,2026-07-14 18:46:17,5323311,998.1383,998.151521644447,25.66667,25.75667018,25.75715489222325,1190,23.475669999999997,23.475401894776184,21.17,24.61627839349972,-1.313731353852437,2.725166555166962,0.7057176006572625,1002.4811626255101,1010.823221235868
2026-07-14 18:45:36.972,2026-07-14 18:46:17,5343325,998.5215,998.3454815404242,25.66667,25.75667018,25.750354654535,1188,23.469084,23.468904714231613,21.16333,24.609629684383307,-1.3171692756064657,2.807870808003035,0.7453507661982847,1002.6979266030999,1011.0426450431179
2026-07-14 18:45:56.986,2026-07-14 18:46:17,5363339,998.5965,998.5132953605696,25.625,25.712750000000003,25.72414613112222,1186,23.462497999999997,23.46243502028947,21.15,24.593290575705844,-1.3256179197237177,2.8794264073745963,0.7769042438254393,1002.8883465018743,1011.3012672305831
2026-07-14 18:46:17.000,2026-07-14 18:46:17,5383353,998.5076,998.6091950586012,25.625,25.712750000000003,25.710056036480598,1184,23.455911999999998,23.455909804862674,21.14667,24.582982920671636,-1.330947813219532,2.9203179165855806,0.7946850516830243,1003.0067316658625,1011.4460786360327
